bomb_id,display_name,nation_guess,mass_kg,mass_bucket,explosive_mass_kg,caliber_mm,drag_coef,length_m,diameter_m,velocity_limit,source_file,matched_aircraft_count,matched_aircraft_ids,is_matched_somewhere,sandbox_allowed,catalog_mode,notes
bomb_de_375mm_erika,bomb_de_375mm_erika,,250.0,250-499 kg,107.0,0.375,,1.35,,,bomb_de_375mm_erika.blkx,0,,no,yes,tomfoolin,
bomb_it_bas,bomb_it_bas,,160.0,100-249 kg,70.0,0.305,,1.0,,,bomb_it_bas.blkx,0,,no,yes,tomfoolin,
bomb_it_mk4,bomb_it_mk4,,160.0,100-249 kg,94.0,0.305,,1.0,,,bomb_it_mk4.blkx,0,,no,yes,tomfoolin,
bomb_mark36_srboc_launcher,bomb_mark36_srboc_launcher,,7.84,<100 kg,,0.13,,0.015,,,bomb_mark36_srboc_launcher.blkx,0,,no,yes,tomfoolin,
bomb_uk_107mm_17,bomb_uk_107mm_17,,9.08,<100 kg,2.0,0.107,,0.54,,,bomb_uk_107mm_17.blkx,0,,no,yes,tomfoolin,
bomb_uk_hedgehog,bomb_uk_hedgehog,,29.5,<100 kg,15.9,0.018,,1.0,,,bomb_uk_hedgehog.blkx,0,,no,yes,tomfoolin,
bomb_uk_limbo,bomb_uk_limbo,,177.0,100-249 kg,94.0,0.305,,1.0,,,bomb_uk_limbo.blkx,0,,no,yes,tomfoolin,
bomb_uk_mk15_hedgehog,bomb_uk_mk15_hedgehog,,29.5,<100 kg,19.5,0.018,,1.0,,,bomb_uk_mk15_hedgehog.blkx,0,,no,yes,tomfoolin,
bomb_uk_mk4,bomb_uk_mk4,,160.0,100-249 kg,70.8,0.36,,1.0,,,bomb_uk_mk4.blkx,0,,no,yes,tomfoolin,
bomb_us_t37,bomb_us_t37,,29.5,<100 kg,15.9,0.183,,1.0,,,bomb_us_t37.blkx,0,,no,yes,tomfoolin,
bomb_ussr_82mm_o_832,bomb_ussr_82mm_o_832,,3.31,<100 kg,0.4,0.82,,0.32,,,bomb_ussr_82mm_o_832.blkx,0,,no,yes,tomfoolin,
bomb_ussr_mbu600,bomb_ussr_mbu600,,29.5,<100 kg,14.4,0.018,,1.0,,,bomb_ussr_mbu600.blkx,0,,no,yes,tomfoolin,
bomb_ussr_rbm,bomb_ussr_rbm,,160.0,100-249 kg,70.8,0.36,,1.0,,,bomb_ussr_rbm.blkx,0,,no,yes,tomfoolin,
bomb_ussr_rgb12,bomb_ussr_rgb12,,71.5,<100 kg,32.0,0.251,,1.24,,,bomb_ussr_rgb12.blkx,0,,no,yes,tomfoolin,
bomb_ussr_rgb25,bomb_ussr_rgb25,,84.0,<100 kg,25.8,0.212,,1.35,,,bomb_ussr_rgb25.blkx,0,,no,yes,tomfoolin,
bomb_ussr_rgb60,bomb_ussr_rgb60,,113.5,100-249 kg,25.5,0.212,,1.83,,,bomb_ussr_rgb60.blkx,0,,no,yes,tomfoolin,
bomb_ussr_rku36u,bomb_ussr_rku36u,,180.0,100-249 kg,101.0,0.302,,1.83,,,bomb_ussr_rku36u.blkx,0,,no,yes,tomfoolin,
br_bafg_230,br_bafg_230,Brazil,248.0,100-249 kg,87.1,0.273,,2.227,,,br_bafg_230.blkx,0,,no,yes,tomfoolin,
br_bafg_230_2,br_bafg_230_2,Brazil,250.0,250-499 kg,87.1,0.273,,2.473,,,br_bafg_230_2.blkx,0,,no,yes,tomfoolin,
br_bafg_230_2_default,br_bafg_230_2_default,Brazil,250.0,250-499 kg,87.1,0.273,,2.473,,,br_bafg_230_2_default.blkx,0,,no,yes,tomfoolin,
br_bafg_230_default,br_bafg_230_default,Brazil,248.0,100-249 kg,87.1,0.273,,2.227,,,br_bafg_230_default.blkx,0,,no,yes,tomfoolin,
br_bafg_460,br_bafg_460,Brazil,452.0,250-499 kg,201.8,0.356,,2.918,,,br_bafg_460.blkx,0,,no,yes,tomfoolin,
br_bafg_460_2,br_bafg_460_2,Brazil,486.0,250-499 kg,201.8,0.356,,2.918,,,br_bafg_460_2.blkx,0,,no,yes,tomfoolin,
br_bafg_920,br_bafg_920,Brazil,930.0,500-999 kg,467.0,0.457,,3.84,,,br_bafg_920.blkx,0,,no,yes,tomfoolin,
br_binc_300,br_binc_300,Brazil,401.4,250-499 kg,358.3,0.47,,3.757,,,br_binc_300.blkx,0,,no,yes,tomfoolin,
br_lizard_2,br_lizard_2,Brazil,277.14,250-499 kg,87.1,0.2794,,3.3274,,,br_lizard_2.blkx,0,,no,yes,tomfoolin,
br_lizard_3,br_lizard_3,Brazil,277.14,250-499 kg,87.1,0.2794,,3.3274,,,br_lizard_3.blkx,0,,no,yes,tomfoolin,
china_250kg_mk_82,china_250kg_mk_82,,216.5,100-249 kg,91.4,0.273,,2.207,,,china_250kg_mk_82.blkx,0,,no,yes,tomfoolin,
cn_250_2_250m44,cn_250_2_250m44,China,250.0,250-499 kg,122.4,0.32,,1.792,,,cn_250_2_250m44.blkx,0,,no,yes,tomfoolin,
cn_gp_100_2,cn_gp_100_2,China,140.0,100-249 kg,39.8,0.273,,1.033,,,cn_gp_100_2.blkx,4,il_28_china | mig_15bis_nr23_china | mig_15bis_ns23_china | tu_4_china,yes,yes,tomfoolin,
cn_gp_1500_2,cn_gp_1500_2,China,1447.0,1000+ kg,658.0,0.63,,2.768,,,cn_gp_1500_2.blkx,2,il_28_china | tu_4_china,yes,yes,tomfoolin,
cn_gp_250_1,cn_gp_250_1,China,252.2,250-499 kg,122.25,0.32,,1.766,,,cn_gp_250_1.blkx,0,,no,yes,tomfoolin,
cn_gp_250_1_incendiary,cn_gp_250_1_incendiary,China,342.0,250-499 kg,135.0,0.4,,2.628,,,cn_gp_250_1_incendiary.blkx,0,,no,yes,tomfoolin,
cn_gp_250_2,cn_gp_250_2,China,236.0,100-249 kg,97.0,0.41,,1.5,,,cn_gp_250_2.blkx,2,il_28_china | tu_4_china,yes,yes,tomfoolin,
cn_gp_250_2_incendiary,cn_gp_250_2_incendiary,China,135.0,100-249 kg,60.0,0.325,,1.5,,,cn_gp_250_2_incendiary.blkx,2,il_28_china | tu_4_china,yes,yes,tomfoolin,
cn_gp_250_3,cn_gp_250_3,China,216.5,100-249 kg,91.4,0.3,,1.766,,,cn_gp_250_3.blkx,0,,no,yes,tomfoolin,
cn_gp_250_3_default,cn_gp_250_3_default,China,216.5,100-249 kg,91.4,0.3,,1.766,,,cn_gp_250_3_default.blkx,0,,no,yes,tomfoolin,
cn_gp_250_4,cn_gp_250_4,China,240.0,100-249 kg,91.4,0.3,,2.207,,,cn_gp_250_4.blkx,0,,no,yes,tomfoolin,
cn_gp_3000_2,cn_gp_3000_2,China,2840.0,1000+ kg,1350.0,0.82,,3.4,,,cn_gp_3000_2.blkx,2,il_28_china | tu_4_china,yes,yes,tomfoolin,
cn_gp_500_2,cn_gp_500_2,China,473.0,250-499 kg,201.0,0.45,,2.4,,,cn_gp_500_2.blkx,2,il_28_china | tu_4_china,yes,yes,tomfoolin,
cn_gp_500_3,cn_gp_500_3,China,469.0,250-499 kg,218.6,0.38,,1.5,,,cn_gp_500_3.blkx,0,,no,yes,tomfoolin,
cn_gp_500_4,cn_gp_500_4,China,508.3,500-999 kg,325.0,0.38,,2.4,,,cn_gp_500_4.blkx,0,,no,yes,tomfoolin,
cn_lgb_gb250_mod_laser,cn_lgb_gb250_mod_laser,China,260.816,250-499 kg,87.1,0.273,,2.377948,,,cn_lgb_gb250_mod_laser.blkx,0,,no,yes,tomfoolin,
cn_ls_1000j,cn_ls_1000j,China,1090.0,1000+ kg,420.0,0.377,,4.148,,,cn_ls_1000j.blkx,0,,no,yes,tomfoolin,
cn_ls_500j,cn_ls_500j,China,570.0,500-999 kg,220.0,0.377,,3.34,,,cn_ls_500j.blkx,0,,no,yes,tomfoolin,
cn_ls_6_250,cn_ls_6_250,China,290.0,250-499 kg,91.4,0.377,,2.93,,,cn_ls_6_250.blkx,0,,no,yes,tomfoolin,
cn_ls_6_250_ir,cn_ls_6_250_ir,China,300.0,250-499 kg,91.4,0.377,,3.0,,,cn_ls_6_250_ir.blkx,0,,no,yes,tomfoolin,
cn_ls_6_500,cn_ls_6_500,China,630.0,500-999 kg,220.0,0.377,,3.08,,,cn_ls_6_500.blkx,0,,no,yes,tomfoolin,
cn_ls_6_500_ir,cn_ls_6_500_ir,China,640.0,500-999 kg,220.0,0.377,,3.5,,,cn_ls_6_500_ir.blkx,0,,no,yes,tomfoolin,
cn_ts_250,cn_ts_250,China,260.0,250-499 kg,91.0,0.299,,2.735,,,cn_ts_250.blkx,0,,no,yes,tomfoolin,
cz_ofab_100_110_tu_jupiter,cz_ofab_100_110_tu_jupiter,,121.0,100-249 kg,44.0,0.273,,1.05,,,cz_ofab_100_110_tu_jupiter.blkx,0,,no,yes,tomfoolin,
cz_ofab_100mb,cz_ofab_100mb,,114.0,100-249 kg,38.0,0.273,,1.033,,,cz_ofab_100mb.blkx,0,,no,yes,tomfoolin,
de_250_matra_25e,de_250_matra_25e,Germany,223.0,100-249 kg,118.8,0.36,,1.502,,,de_250_matra_25e.blkx,0,,no,yes,tomfoolin,
de_flam_250,de_flam_250,Germany,110.0,100-249 kg,50.0,0.368,,1.638,,,de_flam_250.blkx,26,bf_109e_4 | bf_109e_7 | bf_109f_1 | bf_109f_2 | bf_109f_4 | bf_109f_4_hungary | bf_109f_4_trop | bf_109g_10 | bf_109g_14 | bf_109g_14as | bf_109g_2 | bf_109g_2_finland | bf_109g_2_hungary | bf_109g_2_romania | bf_109g_6 | bf_109g_6_erla_finland | bf_109g_6_finland | bf_109z | do_17e_1 | do_17z_2 | do_17z_7 | fw_190a_5_u2 | he_111h_16_winter | he_111h_2 | he_111h_6 | he_115c_1,yes,yes,tomfoolin,
de_flam_500,de_flam_500,Germany,225.0,100-249 kg,157.0,0.457,,1.765,,,de_flam_500.blkx,1,fw_190a_5_u2,yes,yes,tomfoolin,
de_fx1400,de_fx1400,Germany,1570.0,1000+ kg,320.0,0.562,,3.262,,,de_fx1400.blkx,1,he_111h_6,yes,yes,tomfoolin,
de_hosbo_glide_bomb,de_hosbo_glide_bomb,Germany,305.0,250-499 kg,87.1,0.2794,,2.5,,,de_hosbo_glide_bomb.blkx,0,,no,yes,tomfoolin,
de_pc1000_ap,de_pc1000_ap,Germany,988.0,500-999 kg,158.08,0.5,,2.1,,,de_pc1000_ap.blkx,1,he_111h_6,yes,yes,tomfoolin,
de_pc1000_rs_ap,de_pc1000_rs_ap,Germany,987.0,500-999 kg,54.0,0.398,,2.2,,,de_pc1000_rs_ap.blkx,0,,no,yes,tomfoolin,
de_pc1600_ap,de_pc1600_ap,Germany,1600.0,1000+ kg,230.4,0.536,,2.812,,,de_pc1600_ap.blkx,0,,no,yes,tomfoolin,
de_pc1800_rs_ap,de_pc1800_rs_ap,Germany,2057.0,1000+ kg,359.97,0.536,,2.69,,,de_pc1800_rs_ap.blkx,0,,no,yes,tomfoolin,
de_pc500_ap,de_pc500_ap,Germany,500.0,500-999 kg,75.0,0.396,,1.758,,,de_pc500_ap.blkx,0,,no,yes,tomfoolin,
de_pc500_rs_ap,de_pc500_rs_ap,Germany,490.0,250-499 kg,14.0,0.3,,2.1,,,de_pc500_rs_ap.blkx,0,,no,yes,tomfoolin,
de_pd500_ap,de_pd500_ap,Germany,500.0,500-999 kg,32.0,0.2794,,2.1,,,de_pd500_ap.blkx,0,,no,yes,tomfoolin,
de_sb2500,de_sb2500,Germany,2500.0,1000+ kg,1710.0,0.785,,3.693,,,de_sb2500.blkx,0,,no,yes,tomfoolin,
de_sc1000,de_sc1000,Germany,1000.0,1000+ kg,600.0,0.66,,2.781,,,de_sc1000.blkx,2,he_111h_16_winter | he_111h_6,yes,yes,tomfoolin,
de_sc1000_default,de_sc1000_default,Germany,1000.0,1000+ kg,600.0,0.66,,2.781,,,de_sc1000_default.blkx,0,,no,yes,tomfoolin,
de_sc1800b,de_sc1800b,Germany,1832.0,1000+ kg,1000.0,0.66,,3.5,,,de_sc1800b.blkx,0,,no,yes,tomfoolin,
de_sc250,de_sc250,Germany,250.0,250-499 kg,125.0,0.368,,1.638,,,de_sc250.blkx,37,bf_109e_1 | bf_109e_3 | bf_109e_4 | bf_109e_7 | bf_109f_1 | bf_109f_2 | bf_109f_4 | bf_109f_4_hungary | bf_109f_4_trop | bf_109g_10 | bf_109g_14 | bf_109g_14as | bf_109g_2 | bf_109g_2_finland | bf_109g_2_hungary | bf_109g_2_romania | bf_109g_6 | bf_109g_6_erla_finland | bf_109g_6_finland | bf_109z | do_17e_1 | do_17z_2 | do_17z_7 | do_335a_1 | do_335b_2 | fw_190a_5_u2 | he_111h_16_winter | he_111h_2 | he_111h_6 | he_115c_1 | hs_123a_1 | hs_123a_1_china | me_262a_1a_early | me_262a_2a | me_410a_1 | me_410b_1 | s_199,yes,yes,tomfoolin,
de_sc2500,de_sc2500,Germany,2400.0,1000+ kg,1700.0,0.829,,3.895,,,de_sc2500.blkx,1,he_111h_16_winter,yes,yes,tomfoolin,
de_sc250_87,de_sc250_87,Germany,250.0,250-499 kg,125.0,0.368,,1.638,,,de_sc250_87.blkx,0,,no,yes,tomfoolin,
de_sc250_default,de_sc250_default,Germany,250.0,250-499 kg,125.0,0.368,,1.638,,,de_sc250_default.blkx,0,,no,yes,tomfoolin,
de_sc50,de_sc50,Germany,50.0,<100 kg,25.0,0.203,,1.1,,,de_sc50.blkx,35,bf_109e_1 | bf_109e_3 | bf_109e_4 | bf_109e_7 | bf_109f_1 | bf_109f_2 | bf_109f_4 | bf_109f_4_hungary | bf_109f_4_trop | bf_109g_2 | bf_109g_2_finland | bf_109g_2_hungary | bf_109g_2_romania | bf_109g_6 | bf_109g_6_erla_finland | bf_109g_6_finland | do_17e_1 | do_17z_2 | do_17z_7 | do_217j_1 | do_217n_1 | fw_190a_5_u2 | he_111h_16_winter | he_111h_2 | he_111h_6 | hs_123a_1 | hs_123a_1_china | hs_129b_2 | hs_129b_2_romania | hs_129b_2_romania_italy | ju_88c_6 | me_410a_1 | me_410b_1 | s_199 | vl_myrsky_2_late,yes,yes,tomfoolin,
de_sc500,de_sc500,Germany,500.0,500-999 kg,260.0,0.457,,2.032,,,de_sc500.blkx,13,bf_109e_1 | bf_109e_3 | bf_109e_4 | bf_109e_7 | bf_109k_4 | do_335a_1 | do_335b_2 | fw_190a_5_u2 | he_115c_1 | me_262a_1a_early | me_262a_2a | me_410a_1 | me_410b_1,yes,yes,tomfoolin,
de_sc500_87,de_sc500_87,Germany,500.0,500-999 kg,260.0,0.457,,2.032,,,de_sc500_87.blkx,0,,no,yes,tomfoolin,
de_sc50_default,de_sc50_default,Germany,50.0,<100 kg,25.0,0.203,,1.1,,,de_sc50_default.blkx,0,,no,yes,tomfoolin,
de_sc_ag300,de_sc_ag300,Germany,300.0,250-499 kg,149.7,0.368,,1.638,,,de_sc_ag300.blkx,0,,no,yes,tomfoolin,
de_sd10a,de_sd10a,Germany,10.0,<100 kg,0.75,0.086,,0.585,,,de_sd10a.blkx,3,he51b_2w | he51c1 | he51c1_late,yes,yes,tomfoolin,
de_sd50,de_sd50,Germany,50.0,<100 kg,16.4,0.203,,1.1,,,de_sd50.blkx,1,s_199,yes,yes,tomfoolin,
de_sd70,de_sd70,Germany,66.0,<100 kg,21.0,0.203,,1.1,,,de_sd70.blkx,1,s_199,yes,yes,tomfoolin,
de_sd_10a,de_sd_10a,Germany,10.0,<100 kg,0.75,0.086,,0.585,,,de_sd_10a.blkx,0,,no,yes,tomfoolin,
depth_charge_de_wbd,depth_charge_de_wbd,,196.0,100-249 kg,130.0,0.36,,1.0,,,depth_charge_de_wbd.blkx,0,,no,yes,tomfoolin,
depth_charge_de_wbf,depth_charge_de_wbf,,139.0,100-249 kg,60.0,0.36,,1.0,,,depth_charge_de_wbf.blkx,0,,no,yes,tomfoolin,
depth_charge_de_wbg,depth_charge_de_wbg,,180.0,100-249 kg,60.0,0.36,,1.0,,,depth_charge_de_wbg.blkx,0,,no,yes,tomfoolin,
depth_charge_de_wbg_mortar,depth_charge_de_wbg_mortar,,160.0,100-249 kg,100.0,0.45,,0.7,,,depth_charge_de_wbg_mortar.blkx,0,,no,yes,tomfoolin,
depth_charge_fr_guiraud_100,depth_charge_fr_guiraud_100,,176.0,100-249 kg,130.0,0.36,,1.0,,,depth_charge_fr_guiraud_100.blkx,0,,no,yes,tomfoolin,
depth_charge_it_btg,depth_charge_it_btg,,63.0,<100 kg,50.0,0.36,,1.0,,,depth_charge_it_btg.blkx,0,,no,yes,tomfoolin,
depth_charge_it_btg100,depth_charge_it_btg100,,126.0,100-249 kg,100.0,0.425,,1.0,,,depth_charge_it_btg100.blkx,0,,no,yes,tomfoolin,
depth_charge_jp_type3,depth_charge_jp_type3,,50.0,<100 kg,20.0,0.45,,0.7,,,depth_charge_jp_type3.blkx,0,,no,yes,tomfoolin,
depth_charge_jp_type95,depth_charge_jp_type95,,160.0,100-249 kg,100.0,0.45,,0.7,,,depth_charge_jp_type95.blkx,0,,no,yes,tomfoolin,
depth_charge_jp_type95_mortar,depth_charge_jp_type95_mortar,,160.0,100-249 kg,100.0,0.45,,0.7,,,depth_charge_jp_type95_mortar.blkx,0,,no,yes,tomfoolin,
depth_charge_mk_6,depth_charge_mk_6,,196.0,100-249 kg,136.0,0.36,,1.0,,,depth_charge_mk_6.blkx,0,,no,yes,tomfoolin,
depth_charge_mk_6_mortar,depth_charge_mk_6_mortar,,190.0,100-249 kg,136.0,0.36,,1.0,,,depth_charge_mk_6_mortar.blkx,0,,no,yes,tomfoolin,
depth_charge_mk_9,depth_charge_mk_9,,190.0,100-249 kg,136.0,0.36,,1.0,,,depth_charge_mk_9.blkx,0,,no,yes,tomfoolin,
depth_charge_mk_9_mortar,depth_charge_mk_9_mortar,,190.0,100-249 kg,136.0,0.36,,1.0,,,depth_charge_mk_9_mortar.blkx,0,,no,yes,tomfoolin,
depth_charge_mk_vii,depth_charge_mk_vii,,196.0,100-249 kg,130.0,0.36,,1.0,,,depth_charge_mk_vii.blkx,0,,no,yes,tomfoolin,
depth_charge_mk_vii_mortar,depth_charge_mk_vii_mortar,,196.0,100-249 kg,130.0,0.36,,1.0,,,depth_charge_mk_vii_mortar.blkx,0,,no,yes,tomfoolin,
depth_charge_uk_flower_mortar,depth_charge_uk_flower_mortar,,160.0,100-249 kg,100.0,0.45,,0.7,,,depth_charge_uk_flower_mortar.blkx,0,,no,yes,tomfoolin,
depth_charge_ussr_bb1_mortar,depth_charge_ussr_bb1_mortar,,165.0,100-249 kg,130.0,0.36,,1.0,,,depth_charge_ussr_bb1_mortar.blkx,0,,no,yes,tomfoolin,
depth_charge_ussr_bm1,depth_charge_ussr_bm1,,45.0,<100 kg,25.0,0.36,,1.0,,,depth_charge_ussr_bm1.blkx,0,,no,yes,tomfoolin,
depth_charge_ussr_pr_183,depth_charge_ussr_pr_183,,165.0,100-249 kg,130.0,0.36,,1.0,,,depth_charge_ussr_pr_183.blkx,0,,no,yes,tomfoolin,
depth_charge_ussr_rbm,depth_charge_ussr_rbm,,56.0,<100 kg,25.0,0.36,,1.0,,,depth_charge_ussr_rbm.blkx,0,,no,yes,tomfoolin,
fi_100kg_1938,fi_100kg_1938,Finland,103.5,100-249 kg,36.02,0.254,,1.248,,,fi_100kg_1938.blkx,2,pyorremyrsky | vl_myrsky_2_late,yes,yes,tomfoolin,
fi_250kg_1930mod,fi_250kg_1930mod,Finland,252.2,250-499 kg,122.25,0.318,,2.163,,,fi_250kg_1930mod.blkx,0,,no,yes,tomfoolin,
fi_450kg_1937mod,fi_450kg_1937mod,Finland,450.0,250-499 kg,122.25,0.406,,1.991,,,fi_450kg_1937mod.blkx,0,,no,yes,tomfoolin,
fi_50kg_1938,fi_50kg_1938,Finland,49.76,<100 kg,26.35,0.178,,1.025,,,fi_50kg_1938.blkx,2,pyorremyrsky | vl_myrsky_2_late,yes,yes,tomfoolin,
fr_1000kg_samp_mk84,fr_1000kg_samp_mk84,France,893.6,500-999 kg,428.6,0.457,,3.848,,,fr_1000kg_samp_mk84.blkx,0,,no,yes,tomfoolin,
fr_100kg,fr_100kg,France,118.0,100-249 kg,50.0,0.275,,1.26,,,fr_100kg.blkx,7,f_222_2 | martin_139wc | mb_162 | nc_223_3 | potez_631 | potez_633 | v_156_f,yes,yes,tomfoolin,
fr_125kg_gbu_58_paveway_2,fr_125kg_gbu_58_paveway_2,France,161.24,100-249 kg,33.0,0.229,,2.935,,,fr_125kg_gbu_58_paveway_2.blkx,0,,no,yes,tomfoolin,
fr_130kg_samp_mk81,fr_130kg_samp_mk81,France,130.0,100-249 kg,45.0,0.229,,1.882,,,fr_130kg_samp_mk81.blkx,0,,no,yes,tomfoolin,
fr_150kg_i2_navale,fr_150kg_i2_navale,France,118.0,100-249 kg,101.6,0.355,,1.26,,,fr_150kg_i2_navale.blkx,0,,no,yes,tomfoolin,
fr_200kg,fr_200kg,France,225.0,100-249 kg,105.0,0.37,,1.85,,,fr_200kg.blkx,5,f_222_2 | martin_139wc | mb_162 | nc_223_3 | potez_633,yes,yes,tomfoolin,
fr_250_samp_type_25,fr_250_samp_type_25,France,247.0,100-249 kg,123.5,0.324,,2.12,,,fr_250_samp_type_25.blkx,0,,no,yes,tomfoolin,
fr_250_samp_type_25_200,fr_250_samp_type_25_200,France,247.0,100-249 kg,123.5,0.324,,2.12,,,fr_250_samp_type_25_200.blkx,0,,no,yes,tomfoolin,
fr_250_samp_type_25_200_default,fr_250_samp_type_25_200_default,France,247.0,100-249 kg,123.5,0.324,,2.12,,,fr_250_samp_type_25_200_default.blkx,0,,no,yes,tomfoolin,
fr_250_samp_type_25_default,fr_250_samp_type_25_default,France,247.0,100-249 kg,123.5,0.324,,2.12,,,fr_250_samp_type_25_default.blkx,0,,no,yes,tomfoolin,
fr_250kg_aasm_250_hammer_gps,fr_250kg_aasm_250_hammer_gps,France,330.0,250-499 kg,87.1,0.273,,3.11,,340.0,fr_250kg_aasm_250_hammer_gps.blkx,0,,no,yes,tomfoolin,
fr_250kg_aasm_250_hammer_ir,fr_250kg_aasm_250_hammer_ir,France,330.0,250-499 kg,87.1,0.273,,3.11,,340.0,fr_250kg_aasm_250_hammer_ir.blkx,0,,no,yes,tomfoolin,
fr_250kg_aasm_250_hammer_laser,fr_250kg_aasm_250_hammer_laser,France,330.0,250-499 kg,87.1,0.273,,3.11,,340.0,fr_250kg_aasm_250_hammer_laser.blkx,0,,no,yes,tomfoolin,
fr_250kg_samp_mk82,fr_250kg_samp_mk82,France,240.9,100-249 kg,87.1,0.273,,2.207,,,fr_250kg_samp_mk82.blkx,0,,no,yes,tomfoolin,
fr_400_samp_type_21,fr_400_samp_type_21,France,400.0,250-499 kg,167.0,0.449,,2.15,,,fr_400_samp_type_21.blkx,0,,no,yes,tomfoolin,
fr_400_samp_type_21_200,fr_400_samp_type_21_200,France,400.0,250-499 kg,167.0,0.449,,2.15,,,fr_400_samp_type_21_200.blkx,0,,no,yes,tomfoolin,
fr_460l_secan_63,fr_460l_secan_63,France,420.0,250-499 kg,400.0,0.49,,3.5,,,fr_460l_secan_63.blkx,0,,no,yes,tomfoolin,
fr_500kg_1930,fr_500kg_1930,France,508.0,500-999 kg,220.0,0.45,,2.4,,,fr_500kg_1930.blkx,0,,no,yes,tomfoolin,
fr_500kg_2,fr_500kg_2,France,520.72,500-999 kg,270.0,0.49,,2.4,,,fr_500kg_2.blkx,0,,no,yes,tomfoolin,
fr_500kg_3,fr_500kg_3,France,542.0,500-999 kg,272.0,0.49,,2.4,,,fr_500kg_3.blkx,0,,no,yes,tomfoolin,
fr_500kg_3_1,fr_500kg_3_1,France,520.0,500-999 kg,272.0,0.49,,2.4,,,fr_500kg_3_1.blkx,3,f_222_2 | mb_162 | mb_174_a3,yes,yes,tomfoolin,
fr_500kg_aasm_500_hammer_ir,fr_500kg_aasm_500_hammer_ir,France,541.0,500-999 kg,201.8,0.356,,3.65,,340.0,fr_500kg_aasm_500_hammer_ir.blkx,0,,no,yes,tomfoolin,
fr_500kg_aasm_500_hammer_laser,fr_500kg_aasm_500_hammer_laser,France,541.0,500-999 kg,201.8,0.356,,3.65,,340.0,fr_500kg_aasm_500_hammer_laser.blkx,0,,no,yes,tomfoolin,
fr_500kg_samp_mk83,fr_500kg_samp_mk83,France,446.8,250-499 kg,201.8,0.356,,3.008,,,fr_500kg_samp_mk83.blkx,0,,no,yes,tomfoolin,
fr_50kg_a,fr_50kg_a,France,39.0,<100 kg,10.0,0.2,,1.03,,,fr_50kg_a.blkx,0,,no,yes,tomfoolin,
fr_50kg_dt2,fr_50kg_dt2,France,55.7,<100 kg,19.0,0.2,,1.03,,,fr_50kg_dt2.blkx,1,maryland_mk1_france,yes,yes,tomfoolin,
fr_50kg_gammn,fr_50kg_gammn,France,53.0,<100 kg,29.0,0.2,,1.03,,,fr_50kg_gammn.blkx,6,br_693_ab2 | f_222_2 | mb_174_a3 | nc_223_3 | potez_633 | v_156_f,yes,yes,tomfoolin,
fr_50kg_type_61c,fr_50kg_type_61c,France,45.8,<100 kg,24.5,0.207,,0.976,,,fr_50kg_type_61c.blkx,1,h_34_france,yes,yes,tomfoolin,
fr_750lb_m117_cone_45,fr_750lb_m117_cone_45,France,362.42,250-499 kg,175.1,0.408,,2.134,,,fr_750lb_m117_cone_45.blkx,0,,no,yes,tomfoolin,
fr_750lb_m117_cone_90,fr_750lb_m117_cone_90,France,362.42,250-499 kg,175.1,0.408,,2.134,,,fr_750lb_m117_cone_90.blkx,0,,no,yes,tomfoolin,
fr_75kg_g2_navale,fr_75kg_g2_navale,France,73.0,<100 kg,46.27,0.22,,1.03,,,fr_75kg_g2_navale.blkx,0,,no,yes,tomfoolin,
fr_an52,fr_an52,France,996.3,500-999 kg,0.01,0.591,,2.357,,,fr_an52.blkx,0,,no,yes,tomfoolin,
fr_bgl_1000,fr_bgl_1000,France,970.0,500-999 kg,500.0,0.4572,,4.37,,,fr_bgl_1000.blkx,0,,no,yes,tomfoolin,
fr_bgl_400,fr_bgl_400,France,400.0,250-499 kg,167.0,0.403,,3.4,,,fr_bgl_400.blkx,0,,no,yes,tomfoolin,
fr_mk13,fr_mk13,France,546.5,500-999 kg,185.3,0.42,,3.488,,,fr_mk13.blkx,0,,no,yes,tomfoolin,
fr_mk18,fr_mk18,France,546.5,500-999 kg,185.3,0.42,,3.488,,,fr_mk18.blkx,0,,no,yes,tomfoolin,
fr_samp_mk_82_250_ldgp_snakeye,fr_samp_mk_82_250_ldgp_snakeye,France,254.0,250-499 kg,87.1,0.273,,2.273,,,fr_samp_mk_82_250_ldgp_snakeye.blkx,0,,no,yes,tomfoolin,
il_100_50_kg_gp,il_100_50_kg_gp,Israel,134.0,100-249 kg,61.7,0.274,,1.58,,,il_100_50_kg_gp.blkx,1,b_17g_iaf,yes,yes,tomfoolin,
il_250_50_kg_gp,il_250_50_kg_gp,Israel,265.7,250-499 kg,128.4,0.36,,1.83,,,il_250_50_kg_gp.blkx,1,b_17g_iaf,yes,yes,tomfoolin,
il_360_50_kg_gp,il_360_50_kg_gp,Israel,362.42,250-499 kg,175.1,0.409,,2.134,,,il_360_50_kg_gp.blkx,0,,no,yes,tomfoolin,
il_380l_mk2_fire_bomb,il_380l_mk2_fire_bomb,Israel,401.4,250-499 kg,358.3,0.47,,3.757,,,il_380l_mk2_fire_bomb.blkx,0,,no,yes,tomfoolin,
il_500_50_kg_gp,il_500_50_kg_gp,Israel,453.6,250-499 kg,260.0,0.48,,2.32,,,il_500_50_kg_gp.blkx,1,b_17g_iaf,yes,yes,tomfoolin,
il_spice_1000,il_spice_1000,Israel,490.0,250-499 kg,201.8,0.356,,3.2,,,il_spice_1000.blkx,0,,no,yes,tomfoolin,
il_spice_2000,il_spice_2000,Israel,970.0,500-999 kg,428.6,0.457,,3.9,,,il_spice_2000.blkx,0,,no,yes,tomfoolin,
il_spice_250,il_spice_250,Israel,130.0,100-249 kg,20.8,0.19,,1.8,,,il_spice_250.blkx,0,,no,yes,tomfoolin,
it_100kg_m,it_100kg_m,Italy,109.0,100-249 kg,27.3,0.25,,1.26,,,it_100kg_m.blkx,4,fc_20_bis | martin_139wc | re_2000_ga | re_2000_ga_ep,yes,yes,tomfoolin,
it_100kg_m_vert,it_100kg_m_vert,Italy,109.0,100-249 kg,27.3,0.25,,1.26,,,it_100kg_m_vert.blkx,2,ba_65_a80 | ba_65_k14_l,yes,yes,tomfoolin,
it_100kg_t,it_100kg_t,Italy,100.0,100-249 kg,50.6,0.27,,1.3,,,it_100kg_t.blkx,15,ba_65_a80 | ba_65_k14_l | br_20_dr | br_20m_m1 | breda_88 | fc_20_bis | g_55_serie1 | g_55_serie1_ss0 | g_55s | g_56 | p_108b_serie1 | p_108b_serie2 | re_2000_ga | re_2000_ga_ep | sm_91,yes,yes,tomfoolin,
it_100kg_t_vert,it_100kg_t_vert,Italy,100.0,100-249 kg,50.6,0.27,,1.3,,,it_100kg_t_vert.blkx,15,s_81_ar125 | sm_79_1936 | sm_79_1936_italy | sm_79_1937 | sm_79_1937_italy | sm_79_1939 | sm_79_1939_italy | sm_79_1941 | sm_79_1941_italy | sm_79_1942 | sm_79_1942_italy | sm_79_1943 | sm_79_1943_italy | sm_79_iar | sm_79_iar_italy,yes,yes,tomfoolin,
it_150kg_ap,it_150kg_ap,Italy,151.1,100-249 kg,60.0,0.25,,1.28,,,it_150kg_ap.blkx,0,,no,yes,tomfoolin,
it_160kg_ap,it_160kg_ap,Italy,151.1,100-249 kg,60.0,0.25,,1.28,,,it_160kg_ap.blkx,3,fc_20_bis | re_2000_ga | re_2000_ga_ep,yes,yes,tomfoolin,
it_250kg_gp,it_250kg_gp,Italy,259.0,250-499 kg,125.7,0.43,,1.85,,,it_250kg_gp.blkx,21,br_20_dr | br_20m_m1 | martin_139wc | p_108b_serie1 | p_108b_serie2 | re_2001_cn | s_81_ar125 | sm_79_1936 | sm_79_1936_italy | sm_79_1937 | sm_79_1937_italy | sm_79_1939 | sm_79_1939_italy | sm_79_1941 | sm_79_1941_italy | sm_79_1942 | sm_79_1942_italy | sm_79_1943 | sm_79_1943_italy | sm_79_iar | sm_79_iar_italy,yes,yes,tomfoolin,
it_250kg_gp_stuka,it_250kg_gp_stuka,Italy,259.0,250-499 kg,125.7,0.43,,1.85,,,it_250kg_gp_stuka.blkx,0,,no,yes,tomfoolin,
it_250kg_napalm_aerea_559g1,it_250kg_napalm_aerea_559g1,Italy,253.0,250-499 kg,208.0,0.43,,3.28,,,it_250kg_napalm_aerea_559g1.blkx,0,,no,yes,tomfoolin,
it_500kg_gp,it_500kg_gp,Italy,508.0,500-999 kg,216.0,0.45,,2.4,,,it_500kg_gp.blkx,19,br_20_dr | br_20m_m1 | p_108b_serie1 | p_108b_serie2 | s_81_ar125 | sm_79_1936 | sm_79_1936_italy | sm_79_1937 | sm_79_1937_italy | sm_79_1939 | sm_79_1939_italy | sm_79_1941 | sm_79_1941_italy | sm_79_1942 | sm_79_1942_italy | sm_79_1943 | sm_79_1943_italy | sm_79_iar | sm_79_iar_italy,yes,yes,tomfoolin,
it_500kg_gp_stuka,it_500kg_gp_stuka,Italy,508.0,500-999 kg,216.0,0.45,,2.4,,,it_500kg_gp_stuka.blkx,0,,no,yes,tomfoolin,
it_50kg_t,it_50kg_t,Italy,58.0,<100 kg,25.0,0.252,,1.03,,,it_50kg_t.blkx,15,br_20_dr | br_20m_m1 | breda_88 | fc_20_bis | fiat_g50_seria7as | fiat_g50_seria7as_italy | g_55_serie1 | g_55_serie1_ss0 | g_55s | g_56 | p_108b_serie1 | p_108b_serie2 | re_2000_ga | re_2000_ga_ep | sm_91,yes,yes,tomfoolin,
it_50kg_t_vert,it_50kg_t_vert,Italy,58.0,<100 kg,25.0,0.252,,1.03,,,it_50kg_t_vert.blkx,17,ba_65_a80 | ba_65_k14_l | s_81_ar125 | sm_79_1936 | sm_79_1936_italy | sm_79_1937 | sm_79_1937_italy | sm_79_1939 | sm_79_1939_italy | sm_79_1941 | sm_79_1941_italy | sm_79_1942 | sm_79_1942_italy | sm_79_1943 | sm_79_1943_italy | sm_79_iar | sm_79_iar_italy,yes,yes,tomfoolin,
it_630kg_ap,it_630kg_ap,Italy,651.5,500-999 kg,120.0,0.398,,2.263,,,it_630kg_ap.blkx,0,,no,yes,tomfoolin,
it_800kg_gp,it_800kg_gp,Italy,821.6,500-999 kg,357.0,0.45,,3.2,,,it_800kg_gp.blkx,2,br_20_dr | br_20m_m1,yes,yes,tomfoolin,
jp_500lb_mk82_gcs_1,jp_500lb_mk82_gcs_1,Japan,283.0,250-499 kg,87.1,0.273,,2.873,,,jp_500lb_mk82_gcs_1.blkx,0,,no,yes,tomfoolin,
jp_750lb_m117_gcs_1,jp_750lb_m117_gcs_1,Japan,410.0,250-499 kg,175.1,0.41,,2.56,,,jp_750lb_m117_gcs_1.blkx,0,,no,yes,tomfoolin,
jp_ijnaf_type_3_number_150_1500kg_ap,jp_ijnaf_type_3_number_150_1500kg_ap,Japan,1498.6,1000+ kg,49.62,0.51,,2.74,,,jp_ijnaf_type_3_number_150_1500kg_ap.blkx,1,g8n1,yes,yes,tomfoolin,
jp_navy_mod25mark2_250kg,jp_navy_mod25mark2_250kg,Japan,257.0,250-499 kg,111.0,0.358,,1.813,,,jp_navy_mod25mark2_250kg.blkx,21,a6m2_zero | a6m2_zero_china | a6m5_zero | a6m5_zero_china | a6m5hei | a6m5ko | a6m5otsu | a6m6c | b5n2 | b6n1 | b6n2 | b6n2a | d3a1 | d4y1 | g4m1 | g5n1 | g5n2 | g8n1 | h6k4 | p1y1_mod11 | p1y1_mod11_china,yes,yes,tomfoolin,
jp_navy_mod25mark2_250kg_default,jp_navy_mod25mark2_250kg_default,Japan,257.0,250-499 kg,111.0,0.358,,1.813,,,jp_navy_mod25mark2_250kg_default.blkx,0,,no,yes,tomfoolin,
jp_navy_mod50mark1_500kg,jp_navy_mod50mark1_500kg,Japan,491.0,250-499 kg,56.3,0.381,,1.9812,,,jp_navy_mod50mark1_500kg.blkx,1,d4y1,yes,yes,tomfoolin,
jp_navy_mod50mark2_500kg,jp_navy_mod50mark2_500kg,Japan,507.0,500-999 kg,221.0,0.45,,2.356,,,jp_navy_mod50mark2_500kg.blkx,5,d4y1 | g4m1 | h6k4 | p1y1_mod11 | p1y1_mod11_china,yes,yes,tomfoolin,
jp_navy_mod80mark1_800kg,jp_navy_mod80mark1_800kg,Japan,805.0,500-999 kg,382.0,0.449,,2.829,,,jp_navy_mod80mark1_800kg.blkx,24,b5n2 | b6n1 | b6n2 | b6n2a | b7a2 | b7a2_homare_23 | g4m1 | g5n1 | g5n2 | g8n1 | h6k4 | h8k2 | h8k3 | ki_49_1 | ki_49_2a | ki_49_2b | ki_49_2b_late | ki_67_1_ko | ki_67_1_otsu | p1y1_mod11 | p1y1_mod11_china | r2y2_kai | r2y2_v1 | r2y2_v2,yes,yes,tomfoolin,
jp_navy_type97mod6_60kg,jp_navy_type97mod6_60kg,Japan,60.4,<100 kg,23.6,0.199,,1.016,,,jp_navy_type97mod6_60kg.blkx,43,a5m4 | a5m4_hagiri | a6m2_mod11 | a6m2_n_zero | a6m2_zero | a6m2_zero_china | a6m3_mod22_zero | a6m3_mod22ko_zero | a6m5_zero | a6m5_zero_china | a6m5hei | a6m5ko | a6m5otsu | a6m6c | a7m1 | a7m2 | b5n2 | b6n1 | b6n2 | b6n2a | b7a2 | b7a2_homare_23 | d3a1 | f1m2 | g4m1 | g5n1 | g5n2 | g8n1 | h6k4 | h8k2 | h8k3 | j1n1_mod11_early | j2m2 | j2m3 | j2m4_kai | j2m5 | j2m5_30mm | j6k1 | j7w1 | n1k1_ja | n1k1_kyuofu | n1k2_j | n1k2_jko,yes,yes,tomfoolin,
jp_navy_type98mod25_250kg,jp_navy_type98mod25_250kg,Japan,242.2,100-249 kg,96.6,0.304,,1.828,,,jp_navy_type98mod25_250kg.blkx,10,b5n2 | b7a2 | b7a2_homare_23 | g4m1 | h6k4 | h8k2 | h8k3 | j6k1 | n1k2_j | n1k2_jko,yes,yes,tomfoolin,
jp_navy_type99mod25_250kg,jp_navy_type99mod25_250kg,Japan,251.0,250-499 kg,60.3,0.304,,1.809,,,jp_navy_type99mod25_250kg.blkx,0,,no,yes,tomfoolin,
jp_navy_type99mod80_800kg,jp_navy_type99mod80_800kg,Japan,796.8,500-999 kg,22.8,0.4064,,2.413,,,jp_navy_type99mod80_800kg.blkx,11,b5n2 | g4m1 | g8n1 | h6k4 | h8k2 | h8k3 | p1y1_mod11 | p1y1_mod11_china | r2y2_kai | r2y2_v1 | r2y2_v2,yes,yes,tomfoolin,
jp_type92mod25,jp_type92mod25,Japan,250.0,250-499 kg,107.18,0.241,,1.917,,,jp_type92mod25.blkx,29,ki_100_2 | ki_100_early | ki_21_1hei | ki_21_1ko | ki_43_2 | ki_43_3_otsu | ki_45_hei | ki_45_hei_tei | ki_45_hei_tei_china | ki_45_otsu | ki_45_tei | ki_49_1 | ki_49_2a | ki_49_2b | ki_49_2b_late | ki_61_1a_hei | ki_61_1a_hei_ep | ki_61_1a_otsu | ki_61_1a_otsu_china | ki_61_1a_tei | ki_61_2_early | ki_67_1_ko | ki_67_1_otsu | ki_84_hei | ki_84_ko | ki_84_ko_china | ki_84_otsu | ki_87 | ki_94_2,yes,yes,tomfoolin,
jp_type92mod50,jp_type92mod50,Japan,495.0,250-499 kg,229.5,0.381,,2.533,,,jp_type92mod50.blkx,8,ki_21_1hei | ki_21_1ko | ki_49_1 | ki_49_2a | ki_49_2b | ki_49_2b_late | ki_67_1_ko | ki_67_1_otsu,yes,yes,tomfoolin,
jp_type94mod10,jp_type94mod10,Japan,112.76,100-249 kg,47.76,0.241,,1.32,,,jp_type94mod10.blkx,31,ki_100_2 | ki_100_early | ki_21_1hei | ki_21_1ko | ki_32 | ki_43_2 | ki_43_3_otsu | ki_44_2_hei | ki_44_2_hei_china | ki_44_2_otsu | ki_45_hei | ki_45_hei_tei | ki_45_hei_tei_china | ki_45_tei | ki_48_2_otsu | ki_49_1 | ki_49_2a | ki_49_2b | ki_49_2b_late | ki_61_1a_hei | ki_61_1a_hei_ep | ki_61_1a_otsu | ki_61_1a_otsu_china | ki_61_1a_tei | ki_61_2_early | ki_67_1_ko | ki_67_1_otsu | ki_84_hei | ki_84_ko | ki_84_ko_china | ki_84_otsu,yes,yes,tomfoolin,
jp_type94mod5,jp_type94mod5,Japan,48.43,<100 kg,20.185,0.18,,1.01,,,jp_type94mod5.blkx,34,ki_100_2 | ki_100_early | ki_21_1hei | ki_21_1ko | ki_32 | ki_43_2 | ki_43_3_otsu | ki_44_2_hei | ki_44_2_hei_china | ki_44_2_otsu | ki_45_hei | ki_45_hei_tei | ki_45_hei_tei_china | ki_45_tei | ki_48_2_otsu | ki_49_1 | ki_49_2a | ki_49_2b | ki_49_2b_late | ki_61_1a_hei | ki_61_1a_hei_ep | ki_61_1a_otsu | ki_61_1a_otsu_china | ki_61_1a_tei | ki_61_2_early | ki_67_1_ko | ki_67_1_otsu | ki_83 | ki_84_hei | ki_84_ko | ki_84_ko_china | ki_84_otsu | ki_87 | ki_94_2,yes,yes,tomfoolin,
kr_kggb,kr_kggb,South Korea,316.0,250-499 kg,87.1,0.273,,2.5,,,kr_kggb.blkx,0,,no,yes,tomfoolin,
nld_100kg,nld_100kg,,118.0,100-249 kg,50.0,0.25,,1.21,,,nld_100kg.blkx,0,,no,yes,tomfoolin,
nld_300kg,nld_300kg,,300.0,250-499 kg,105.0,0.4,,1.85,,,nld_300kg.blkx,0,,no,yes,tomfoolin,
nld_400kg,nld_400kg,,400.0,250-499 kg,167.0,0.4,,1.85,,,nld_400kg.blkx,0,,no,yes,tomfoolin,
nld_50kg,nld_50kg,,39.0,<100 kg,10.0,0.21,,1.03,,,nld_50kg.blkx,0,,no,yes,tomfoolin,
ponybomb500,ponybomb500,,508.3,500-999 kg,325.0,0.45,,2.4,,,ponybomb500.blkx,0,,no,yes,tomfoolin,
ro_ba_100kg_bomb_45,ro_ba_100kg_bomb_45,,114.0,100-249 kg,38.0,0.273,,1.033,,,ro_ba_100kg_bomb_45.blkx,0,,no,yes,tomfoolin,
ro_ba_250kg_bomb_45,ro_ba_250kg_bomb_45,,250.0,250-499 kg,97.0,0.325,,1.456,,,ro_ba_250kg_bomb_45.blkx,0,,no,yes,tomfoolin,
ro_ba_500kg_bomb_45,ro_ba_500kg_bomb_45,,508.3,500-999 kg,325.0,0.45,,2.4,,,ro_ba_500kg_bomb_45.blkx,0,,no,yes,tomfoolin,
ro_be_50kg_bomb_45,ro_be_50kg_bomb_45,,55.0,<100 kg,16.0,0.194,,1.1,,,ro_be_50kg_bomb_45.blkx,0,,no,yes,tomfoolin,
su_ao_25m_1,su_ao_25m_1,USSR,25.5,<100 kg,3.7,0.122,,0.936,,,su_ao_25m_1.blkx,0,,no,yes,tomfoolin,
su_brab_1000_1938_ap,su_brab_1000_1938_ap,USSR,1046.0,1000+ kg,261.0,0.48,,3.077,,,su_brab_1000_1938_ap.blkx,0,,no,yes,tomfoolin,
su_brab_1000m43_ap,su_brab_1000m43_ap,USSR,1012.0,1000+ kg,130.8,0.356,,2.81,,,su_brab_1000m43_ap.blkx,0,,no,yes,tomfoolin,
su_brab_220_1930_ap,su_brab_220_1930_ap,USSR,240.0,100-249 kg,38.2,0.278,,1.714,,,su_brab_220_1930_ap.blkx,4,sb_2m_100 | sb_2m_100a | sb_2m_100a_spain | tb_3_m17_32,yes,yes,tomfoolin,
su_brab_250_ap,su_brab_250_ap,USSR,255.0,250-499 kg,31.3,0.22,,2.4,,,su_brab_250_ap.blkx,0,,no,yes,tomfoolin,
su_brab_500_1938_ap,su_brab_500_1938_ap,USSR,531.3,500-999 kg,105.1,0.388,,2.388,,,su_brab_500_1938_ap.blkx,4,sb_2m_100 | sb_2m_100a | sb_2m_100a_spain | tb_3_m17_32,yes,yes,tomfoolin,
su_brab_500m43_ap,su_brab_500m43_ap,USSR,510.0,500-999 kg,65.5,0.279,,2.297,,,su_brab_500m43_ap.blkx,0,,no,yes,tomfoolin,
su_fab100,su_fab100,USSR,103.5,100-249 kg,36.02,0.28,,1.05,,,su_fab100.blkx,27,b_25j_30_vvs_ussr | i_16_type17 | i_16_type17_china | i_16_type18 | i_16_type24 | i_16_type27 | i_16_type28 | i_180 | i_180_event01 | i_180_event02 | i_180_event03 | i_180_event04 | il_2_37_1943 | itp_m1 | la_7 | la_7_3_china_plaaf | la_7_dolgushin | la_7b_20 | mbr_2 | p_40e_ussr | pe_8_m82 | tandem_mai | tb_3_m17_32 | tis_ma | tu_4 | yak_2_kabb | yak_9b,yes,yes,tomfoolin,
su_fab1000,su_fab1000,USSR,1080.0,1000+ kg,485.0,0.502,,3.536,,,su_fab1000.blkx,1,pe_8_m82,yes,yes,tomfoolin,
su_fab1000x,su_fab1000x,USSR,1080.0,1000+ kg,485.0,0.502,,3.536,,,su_fab1000x.blkx,0,,no,yes,tomfoolin,
su_fab100_default,su_fab100_default,USSR,103.5,100-249 kg,36.02,0.28,,1.05,,,su_fab100_default.blkx,0,,no,yes,tomfoolin,
su_fab100_short_fin,su_fab100_short_fin,USSR,103.5,100-249 kg,36.02,0.28,,1.05,,,su_fab100_short_fin.blkx,2,yak_1_early | yak_1_litvyak,yes,yes,tomfoolin,
su_fab100x,su_fab100x,USSR,103.5,100-249 kg,36.02,0.28,,1.05,,,su_fab100x.blkx,3,sb_2m_100 | sb_2m_100a | sb_2m_100a_spain,yes,yes,tomfoolin,
su_fab250,su_fab250,USSR,252.2,250-499 kg,122.25,0.318,,2.163,,,su_fab250.blkx,13,b_25j_30_vvs_ussr | mbr_2 | p_39k_1 | p_39q_15 | p_40e_ussr | p_47d_ussr | p_63a_10_ussr | p_63a_5_ussr | p_63c_5_ussr | tb_3_m17_32 | tis_ma | tu_4 | tu_4_china,yes,yes,tomfoolin,
su_fab250_270,su_fab250_270,USSR,268.0,250-499 kg,94.0,0.41,,1.456,,,su_fab250_270.blkx,0,,no,yes,tomfoolin,
su_fab250_m54,su_fab250_m54,USSR,236.0,100-249 kg,97.0,0.325,,1.5,,,su_fab250_m54.blkx,1,yak_28b,yes,yes,tomfoolin,
su_fab250x,su_fab250x,USSR,252.2,250-499 kg,122.25,0.318,,2.163,,,su_fab250x.blkx,4,pe_8_m82 | sb_2m_100 | sb_2m_100a | sb_2m_100a_spain,yes,yes,tomfoolin,
su_fab50,su_fab50,USSR,49.76,<100 kg,26.35,0.24,,0.95,,,su_fab50.blkx,40,b_25j_30_vvs_ussr | i_153_m62 | i_153_m62_china | i_153_m62_zhukovskiy | i_153p | i_15_1934 | i_15_1935 | i_15_1935_moscow | i_15bis | i_15bis_china | i_15bis_krasnolutsky | i_16_type17 | i_16_type17_china | i_16_type18 | i_16_type24 | i_16_type27 | i_16_type28 | i_180 | i_180_event01 | i_180_event02 | i_180_event03 | i_180_event04 | il_2_37_1943 | itp_m1 | la_5_type37_early | la_5_type39 | la_5fn | la_7 | la_7_3_china_plaaf | la_7_dolgushin | la_7b_20 | mbr_2 | p_40e_ussr | pe_8_m82 | tandem_mai | tu_14t | yak_1_early | yak_1_litvyak | yak_1b | yak_7b,yes,yes,tomfoolin,
su_fab500,su_fab500,USSR,508.3,500-999 kg,325.0,0.45,,2.4,,,su_fab500.blkx,6,b_25j_30_vvs_ussr | p_40e_ussr | p_47d_ussr | pe_8_m82 | tb_3_m17_32 | tis_ma,yes,yes,tomfoolin,
su_fab5000,su_fab5000,USSR,5080.0,1000+ kg,3361.0,1.0,,5.1,,,su_fab5000.blkx,1,pe_8_m82,yes,yes,tomfoolin,
su_fab5000_m54,su_fab5000_m54,USSR,5247.0,1000+ kg,2207.0,1.06,,3.324,,,su_fab5000_m54.blkx,0,,no,yes,tomfoolin,
su_fab500_m54,su_fab500_m54,USSR,478.0,250-499 kg,201.0,0.45,,2.4,,,su_fab500_m54.blkx,2,mig_15bis_ish | yak_28b,yes,yes,tomfoolin,
su_fab500_m54_china,su_fab500_m54_china,USSR,478.0,250-499 kg,201.0,0.45,,2.4,,,su_fab500_m54_china.blkx,0,,no,yes,tomfoolin,
su_fab500sh,su_fab500sh,USSR,515.0,500-999 kg,226.6,0.45,,2.388,,,su_fab500sh.blkx,0,,no,yes,tomfoolin,
su_fab500x,su_fab500x,USSR,508.3,500-999 kg,325.0,0.45,,2.4,,,su_fab500x.blkx,3,sb_2m_100 | sb_2m_100a | sb_2m_100a_spain,yes,yes,tomfoolin,
su_fab50_default,su_fab50_default,USSR,49.76,<100 kg,26.35,0.24,,0.95,,,su_fab50_default.blkx,0,,no,yes,tomfoolin,
su_fab50x,su_fab50x,USSR,49.76,<100 kg,26.35,0.24,,0.95,,,su_fab50x.blkx,0,,no,yes,tomfoolin,
su_fab9000,su_fab9000,USSR,9407.0,1000+ kg,4297.0,1.2,,5.05,,,su_fab9000.blkx,0,,no,yes,tomfoolin,
su_fab_1000m_43,su_fab_1000m_43,USSR,1077.0,1000+ kg,676.46,0.502,,3.519,,,su_fab_1000m_43.blkx,1,tu_14t,yes,yes,tomfoolin,
su_fab_1000m_44,su_fab_1000m_44,USSR,890.69,500-999 kg,396.48,0.6,,1.784,,,su_fab_1000m_44.blkx,2,tu_4 | tu_4_china,yes,yes,tomfoolin,
su_fab_100m_43,su_fab_100m_43,USSR,103.5,100-249 kg,49.93,0.273,,1.033,,,su_fab_100m_43.blkx,9,il_28 | il_28_german | il_28_hungary | mig_15 | mig_15_ns23 | mig_15bis_nr23_german | mig_15bis_nr23_hungary | mig_15bis_ns23 | tu_14t,yes,yes,tomfoolin,
su_fab_1500m_46,su_fab_1500m_46,USSR,1400.0,1000+ kg,675.0,0.63,,2.844,,,su_fab_1500m_46.blkx,5,il_28 | il_28_german | il_28_hungary | tu_14t | tu_4,yes,yes,tomfoolin,
su_fab_1500m_54,su_fab_1500m_54,USSR,1550.0,1000+ kg,675.0,0.63,,2.844,,,su_fab_1500m_54.blkx,1,yak_28b,yes,yes,tomfoolin,
su_fab_250m_43,su_fab_250m_43,USSR,225.96,100-249 kg,120.96,0.32,,1.792,,,su_fab_250m_43.blkx,0,,no,yes,tomfoolin,
su_fab_250m_44,su_fab_250m_44,USSR,250.0,250-499 kg,122.4,0.32,,1.792,,,su_fab_250m_44.blkx,0,,no,yes,tomfoolin,
su_fab_250m_46,su_fab_250m_46,USSR,252.2,250-499 kg,122.25,0.32,,1.766,,,su_fab_250m_46.blkx,7,il_28 | il_28_german | il_28_hungary | su_11 | su_9 | tu_14t | tu_4,yes,yes,tomfoolin,
su_fab_250m_62,su_fab_250m_62,USSR,227.0,100-249 kg,100.0,0.3,,1.924,,,su_fab_250m_62.blkx,0,,no,yes,tomfoolin,
su_fab_250ts,su_fab_250ts,USSR,252.2,250-499 kg,122.25,0.32,,1.766,,,su_fab_250ts.blkx,0,,no,yes,tomfoolin,
su_fab_3000m_46,su_fab_3000m_46,USSR,2983.0,1000+ kg,1400.0,0.82,,3.4,,,su_fab_3000m_46.blkx,5,il_28 | il_28_german | il_28_hungary | tu_14t | tu_4,yes,yes,tomfoolin,
su_fab_3000m_54,su_fab_3000m_54,USSR,3067.0,1000+ kg,1387.0,0.82,,3.32,,,su_fab_3000m_54.blkx,1,yak_28b,yes,yes,tomfoolin,
su_fab_500m_43,su_fab_500m_43,USSR,468.57,250-499 kg,243.71,0.45,,2.052,,,su_fab_500m_43.blkx,0,,no,yes,tomfoolin,
su_fab_500m_44,su_fab_500m_44,USSR,477.1,250-499 kg,222.15,0.45,,1.753,,,su_fab_500m_44.blkx,0,,no,yes,tomfoolin,
su_fab_500m_46,su_fab_500m_46,USSR,428.0,250-499 kg,325.0,0.45,,1.5,,,su_fab_500m_46.blkx,7,il_28 | il_28_german | il_28_hungary | su_11 | su_9 | tu_14t | tu_4,yes,yes,tomfoolin,
su_fab_500m_62t,su_fab_500m_62t,USSR,508.3,500-999 kg,213.0,0.45,,2.4,,,su_fab_500m_62t.blkx,0,,no,yes,tomfoolin,
su_fab_500ts,su_fab_500ts,USSR,428.0,250-499 kg,325.0,0.45,,1.5,,,su_fab_500ts.blkx,0,,no,yes,tomfoolin,
su_grom_2,su_grom_2,USSR,598.0,500-999 kg,260.0,0.31,,4.192,,,su_grom_2.blkx,0,,no,yes,tomfoolin,
su_grom_e2,su_grom_e2,USSR,598.0,500-999 kg,260.0,0.31,,4.192,,,su_grom_e2.blkx,0,,no,yes,tomfoolin,
su_kab_1500kr,su_kab_1500kr,USSR,1525.0,1000+ kg,440.0,0.58,,4.63,,,su_kab_1500kr.blkx,0,,no,yes,tomfoolin,
su_kab_1500l,su_kab_1500l,USSR,1525.0,1000+ kg,440.0,0.58,,4.6,,,su_kab_1500l.blkx,0,,no,yes,tomfoolin,
su_kab_1500lg,su_kab_1500lg,USSR,1525.0,1000+ kg,440.0,0.58,,4.6,,,su_kab_1500lg.blkx,0,,no,yes,tomfoolin,
su_kab_1500lg_e,su_kab_1500lg_e,USSR,1525.0,1000+ kg,440.0,0.58,,4.6,,,su_kab_1500lg_e.blkx,0,,no,yes,tomfoolin,
su_kab_250lg,su_kab_250lg,USSR,256.0,250-499 kg,96.0,0.255,,3.2,,,su_kab_250lg.blkx,0,,no,yes,tomfoolin,
su_kab_250lg_e,su_kab_250lg_e,USSR,256.0,250-499 kg,96.0,0.255,,3.2,,,su_kab_250lg_e.blkx,0,,no,yes,tomfoolin,
su_kab_500kr,su_kab_500kr,USSR,520.0,500-999 kg,100.0,0.35,,3.05,,,su_kab_500kr.blkx,0,,no,yes,tomfoolin,
su_kab_500kr_e,su_kab_500kr_e,USSR,520.0,500-999 kg,100.0,0.35,,3.05,,,su_kab_500kr_e.blkx,0,,no,yes,tomfoolin,
su_kab_500kr_m,su_kab_500kr_m,USSR,520.0,500-999 kg,100.0,0.35,,3.05,,,su_kab_500kr_m.blkx,0,,no,yes,tomfoolin,
su_kab_500l,su_kab_500l,USSR,560.0,500-999 kg,195.0,0.4,,3.05,,,su_kab_500l.blkx,0,,no,yes,tomfoolin,
su_kab_500lg,su_kab_500lg,USSR,560.0,500-999 kg,195.0,0.4,,2.75,,,su_kab_500lg.blkx,0,,no,yes,tomfoolin,
su_kab_500lg_e,su_kab_500lg_e,USSR,560.0,500-999 kg,195.0,0.4,,2.75,,,su_kab_500lg_e.blkx,0,,no,yes,tomfoolin,
su_kab_500s,su_kab_500s,USSR,560.0,500-999 kg,195.0,0.4,,3.05,,,su_kab_500s.blkx,0,,no,yes,tomfoolin,
su_kab_50l,su_kab_50l,USSR,50.0,<100 kg,15.0,0.12,,1.85,,,su_kab_50l.blkx,0,,no,yes,tomfoolin,
su_kab_50s,su_kab_50s,USSR,50.0,<100 kg,15.0,0.12,,1.85,,,su_kab_50s.blkx,0,,no,yes,tomfoolin,
su_kab_50tv,su_kab_50tv,USSR,50.0,<100 kg,15.0,0.12,,1.95,,,su_kab_50tv.blkx,0,,no,yes,tomfoolin,
su_ofab100_120,su_ofab100_120,USSR,114.0,100-249 kg,38.0,0.273,,1.033,,,su_ofab100_120.blkx,2,mig_15bis_ish | yak_28b,yes,yes,tomfoolin,
su_ofab100m,su_ofab100m,USSR,114.0,100-249 kg,38.0,0.273,,1.033,,,su_ofab100m.blkx,0,,no,yes,tomfoolin,
su_ofab250,su_ofab250,USSR,250.0,250-499 kg,97.0,0.325,,1.456,,,su_ofab250.blkx,6,mig_15bis_ish | mig_17 | mig_17_china | mig_17_cuba | mig_17_f5 | mig_17pf_hungary,yes,yes,tomfoolin,
su_ofab250_olive,su_ofab250_olive,USSR,236.92,100-249 kg,97.0,0.325,,1.456,,,su_ofab250_olive.blkx,0,,no,yes,tomfoolin,
su_ofab250sh,su_ofab250sh,USSR,275.0,250-499 kg,99.0,0.325,,1.56,,,su_ofab250sh.blkx,0,,no,yes,tomfoolin,
su_ofab_100_120,su_ofab_100_120,USSR,114.0,100-249 kg,38.0,0.273,,1.033,,,su_ofab_100_120.blkx,0,,no,yes,tomfoolin,
su_ofab_250_270,su_ofab_250_270,USSR,268.0,250-499 kg,94.0,0.325,,1.456,,,su_ofab_250_270.blkx,0,,no,yes,tomfoolin,
su_rds37,su_rds37,USSR,5570.0,1000+ kg,,1.5,,5.87,,,su_rds37.blkx,0,,no,yes,tomfoolin,
su_rds4,su_rds4,USSR,2983.0,1000+ kg,0.01,0.82,,3.4,,,su_rds4.blkx,0,,no,yes,tomfoolin,
su_rn_28,su_rn_28,USSR,2983.0,1000+ kg,0.01,0.82,,3.4,,,su_rn_28.blkx,0,,no,yes,tomfoolin,
su_rn_28_nt,su_rn_28_nt,USSR,480.0,250-499 kg,,0.45,,4.0,,,su_rn_28_nt.blkx,0,,no,yes,tomfoolin,
su_rn_40,su_rn_40,USSR,370.0,250-499 kg,,0.45,,4.0,,,su_rn_40.blkx,0,,no,yes,tomfoolin,
su_umpk_3000,su_umpk_3000,USSR,3320.0,1000+ kg,1387.0,0.82,,4.58,,,su_umpk_3000.blkx,0,,no,yes,tomfoolin,
su_umpk_500m62,su_umpk_500m62,USSR,560.0,500-999 kg,213.0,0.4,,2.4,,,su_umpk_500m62.blkx,0,,no,yes,tomfoolin,
su_upab_1500b,su_upab_1500b,USSR,1525.0,1000+ kg,440.0,0.4,,5.05,,,su_upab_1500b.blkx,0,,no,yes,tomfoolin,
su_upab_1500b_e,su_upab_1500b_e,USSR,1525.0,1000+ kg,440.0,0.4,,5.05,,,su_upab_1500b_e.blkx,0,,no,yes,tomfoolin,
su_upab_500b,su_upab_500b,USSR,505.0,500-999 kg,185.0,0.355,,2.84,,,su_upab_500b.blkx,0,,no,yes,tomfoolin,
su_upab_500b_e,su_upab_500b_e,USSR,505.0,500-999 kg,185.0,0.355,,2.84,,,su_upab_500b_e.blkx,0,,no,yes,tomfoolin,
su_zab50fp,su_zab50fp,USSR,49.76,<100 kg,26.35,0.219,,0.936,,,su_zab50fp.blkx,0,,no,yes,tomfoolin,
su_zb_360,su_zb_360,USSR,342.0,250-499 kg,213.0,0.4,,2.628,,,su_zb_360.blkx,0,,no,yes,tomfoolin,
su_zb_500,su_zb_500,USSR,374.0,250-499 kg,250.0,0.5,,2.86,,,su_zb_500.blkx,0,,no,yes,tomfoolin,
sw_500kg_brandbomb_m58,sw_500kg_brandbomb_m58,Sweden,510.0,500-999 kg,430.0,0.4,,2.628,,,sw_500kg_brandbomb_m58.blkx,0,,no,yes,tomfoolin,
swd_120kg_sb_m61,swd_120kg_sb_m61,,120.0,100-249 kg,30.0,0.21,,1.26,,,swd_120kg_sb_m61.blkx,0,,no,yes,tomfoolin,
swd_120kg_sb_m71,swd_120kg_sb_m71,,120.0,100-249 kg,30.0,0.21,,1.26,,,swd_120kg_sb_m71.blkx,0,,no,yes,tomfoolin,
swd_120kg_sb_m71_retarded,swd_120kg_sb_m71_retarded,,120.0,100-249 kg,30.0,0.21,,1.26,,,swd_120kg_sb_m71_retarded.blkx,0,,no,yes,tomfoolin,
swd_250kg_minb_m37b,swd_250kg_minb_m37b,,252.0,250-499 kg,128.5,0.37,,1.65,,,swd_250kg_minb_m37b.blkx,0,,no,yes,tomfoolin,
swd_250kg_minb_m40,swd_250kg_minb_m40,,230.0,100-249 kg,105.0,0.37,,1.65,,,swd_250kg_minb_m40.blkx,2,he_115a_2_sweden | saab_b3c,yes,yes,tomfoolin,
swd_250kg_minb_m50,swd_250kg_minb_m50,,272.4,250-499 kg,140.0,0.37,,1.66,,,swd_250kg_minb_m50.blkx,0,,no,yes,tomfoolin,
swd_500kg_minb_m41,swd_500kg_minb_m41,,513.0,500-999 kg,225.0,0.45,,2.043,,,swd_500kg_minb_m41.blkx,1,he_115a_2_sweden,yes,yes,tomfoolin,
swd_500kg_minb_m56,swd_500kg_minb_m56,,500.0,500-999 kg,185.0,0.42,,2.24,,,swd_500kg_minb_m56.blkx,0,,no,yes,tomfoolin,
swd_50kg_sb_m37a,swd_50kg_sb_m37a,,59.0,<100 kg,26.0,0.2,,1.09,,,swd_50kg_sb_m37a.blkx,1,p_51d_20_na_j26,yes,yes,tomfoolin,
swd_50kg_sb_m42,swd_50kg_sb_m42,,50.0,<100 kg,9.5,0.2,,1.03,,,swd_50kg_sb_m42.blkx,1,saab_b3c,yes,yes,tomfoolin,
swd_50kg_sb_m47,swd_50kg_sb_m47,,50.0,<100 kg,11.4,0.2,,1.1,,,swd_50kg_sb_m47.blkx,0,,no,yes,tomfoolin,
swd_600kg_minb_m50,swd_600kg_minb_m50,,614.4,500-999 kg,300.0,0.45,,2.049,,,swd_600kg_minb_m50.blkx,0,,no,yes,tomfoolin,
sws_200_kg_sprengbombe,sws_200_kg_sprengbombe,,200.0,100-249 kg,105.0,0.31,,1.503,,,sws_200_kg_sprengbombe.blkx,0,,no,yes,tomfoolin,
sws_400_kg_sprengbombe,sws_400_kg_sprengbombe,,400.0,250-499 kg,169.0,0.4,,2.15,,,sws_400_kg_sprengbombe.blkx,0,,no,yes,tomfoolin,
sws_400kg_febb_napalmbombe,sws_400kg_febb_napalmbombe,,400.0,250-499 kg,358.3,0.47,,3.757,,,sws_400kg_febb_napalmbombe.blkx,0,,no,yes,tomfoolin,
sws_450_kg_sprengbombe_68_70,sws_450_kg_sprengbombe_68_70,,446.8,250-499 kg,200.0,0.3,,3.008,,,sws_450_kg_sprengbombe_68_70.blkx,0,,no,yes,tomfoolin,
sws_50_kg_sprengbombe,sws_50_kg_sprengbombe,,50.0,<100 kg,25.0,0.203,,1.1,,,sws_50_kg_sprengbombe.blkx,0,,no,yes,tomfoolin,
uk_1000lb_enhanced_paveway2_mk13,uk_1000lb_enhanced_paveway2_mk13,Great Britain,546.5,500-999 kg,185.3,0.42,,3.488,,,uk_1000lb_enhanced_paveway2_mk13.blkx,0,,no,yes,tomfoolin,
uk_1000lb_ld_he_mc_mk_1,uk_1000lb_ld_he_mc_mk_1,Great Britain,453.6,250-499 kg,201.8,0.356,,3.008,,,uk_1000lb_ld_he_mc_mk_1.blkx,0,,no,yes,tomfoolin,
uk_1000lbs_gp,uk_1000lbs_gp,Great Britain,486.0,250-499 kg,185.3,0.41,,2.197,,,uk_1000lbs_gp.blkx,10,meteor_fmk3 | meteor_fmk3_navy | meteor_fmk4_lw | meteor_fmk4_sw | meteor_fmk8 | meteor_fmk8_reaper | vampire_fb5 | vampire_fb52_finland | vampire_fb52a_italy | venom_fb4,yes,yes,tomfoolin,
uk_1000lbs_gp_default,uk_1000lbs_gp_default,Great Britain,486.0,250-499 kg,185.3,0.41,,2.197,,,uk_1000lbs_gp_default.blkx,0,,no,yes,tomfoolin,
uk_1000lbs_gp_mk1,uk_1000lbs_gp_mk1,Great Britain,495.7,250-499 kg,171.4,0.41,,2.197,,,uk_1000lbs_gp_mk1.blkx,9,corsair_fmk2 | hp52_hampden_mk1_late | lincoln_b1 | lincoln_b2 | swift_f1 | wellington_mk10 | wellington_mk1c | wellington_mk1c_late | wellington_mk3,yes,yes,tomfoolin,
uk_1000lbs_gp_n117,uk_1000lbs_gp_n117,Great Britain,486.0,250-499 kg,185.3,0.41,,2.197,,,uk_1000lbs_gp_n117.blkx,0,,no,yes,tomfoolin,
uk_1000lbs_mc_mk1,uk_1000lbs_mc_mk1,Great Britain,474.4,250-499 kg,227.7,0.45,,1.844,,,uk_1000lbs_mc_mk1.blkx,14,attaker_fb1 | attaker_fb2 | firefly_mk1 | lincoln_b1 | lincoln_b2 | meteor_fmk8_reaper | shackleton_mr_mk_2 | stirling_mk1 | stirling_mk3 | swift_f1 | tempest_mk2 | tempest_mkv | typhoon_mk1b | typhoon_mk1b_late,yes,yes,tomfoolin,
uk_1000lbs_mc_mk1_mk2_bomb,uk_1000lbs_mc_mk1_mk2_bomb,Great Britain,463.1,250-499 kg,227.7,0.45,,1.844,,,uk_1000lbs_mc_mk1_mk2_bomb.blkx,3,lancaster_mk1 | lancaster_mk3 | lancaster_mr7_france,yes,yes,tomfoolin,
uk_12000lb_hc_mki_n33_bomb,uk_12000lb_hc_mki_n33_bomb,Great Britain,5740.6,1000+ kg,3973.5,0.965,,4.978,,,uk_12000lb_hc_mki_n33_bomb.blkx,0,,no,yes,tomfoolin,
uk_12000lb_hc_mki_n52_bomb,uk_12000lb_hc_mki_n52_bomb,Great Britain,5740.6,1000+ kg,3973.5,0.965,,4.978,,,uk_12000lb_hc_mki_n52_bomb.blkx,4,lancaster_mk1 | lancaster_mk3 | lincoln_b1 | lincoln_b2,yes,yes,tomfoolin,
uk_1650lb_sn_he,uk_1650lb_sn_he,Great Britain,748.0,500-999 kg,224.3,0.47,,3.38,,,uk_1650lb_sn_he.blkx,1,hp_12,yes,yes,tomfoolin,
uk_2000lb_ap_mki,uk_2000lb_ap_mki,Great Britain,877.2,500-999 kg,75.3,0.343,,2.87,,,uk_2000lb_ap_mki.blkx,4,wellington_mk10 | wellington_mk1c | wellington_mk1c_late | wellington_mk3,yes,yes,tomfoolin,
uk_230lbs,uk_230lbs,Great Britain,90.7,<100 kg,45.4,0.254,,1.283,,,uk_230lbs.blkx,1,hp_12,yes,yes,tomfoolin,
uk_250lbs,uk_250lbs,Great Britain,104.3,100-249 kg,30.7,0.259,,1.422,,,uk_250lbs.blkx,33,beaufort_mkviii | blenheim_mkiv | boomerang_mkii | hurricane_mk4 | hurricanemkii | lancaster_mk1 | lancaster_mk3 | mosquito_fb_mk26_china | mosquito_fb_mk6 | mosquito_fb_mk6_ash_norway | mosquito_fb_mk6_norway | mosquito_tr_mk33 | seafire_fr47 | seafire_mk17 | seafire_mk3 | shackleton_mr_mk_2 | spitfire_f22_test | spitfire_mk18e | stirling_mk1 | stirling_mk3 | sunderland_mk3a | sunderland_mk5 | tempest_mk2 | tempest_mkv | typhoon_mk1a | typhoon_mk1b | typhoon_mk1b_late | wellington_mk10 | wellington_mk1c | wellington_mk1c_late | wellington_mk1c_luftwaffe | wellington_mk3 | whirlwind_mk1,yes,yes,tomfoolin,
uk_250lbs_43,uk_250lbs_43,Great Britain,104.3,100-249 kg,30.7,0.259,,1.422,,,uk_250lbs_43.blkx,5,hp52_hampden_mk1_late | lincoln_b1 | lincoln_b2 | maryland_mk1 | spitfire_xvi,yes,yes,tomfoolin,
uk_250lbs_default,uk_250lbs_default,Great Britain,104.3,100-249 kg,30.7,0.259,,1.422,,,uk_250lbs_default.blkx,0,,no,yes,tomfoolin,
uk_250lbs_late,uk_250lbs_late,Great Britain,104.3,100-249 kg,30.7,0.259,,1.422,,,uk_250lbs_late.blkx,1,firefly_mk1,yes,yes,tomfoolin,
uk_250lbs_mc_mk1_mk2_bomb,uk_250lbs_mc_mk1_mk2_bomb,Great Britain,102.0,100-249 kg,51.0,0.254,,1.41,,,uk_250lbs_mc_mk1_mk2_bomb.blkx,6,beaufighter_mk6c | firefly_mk1 | lancaster_mk1 | lancaster_mk3 | lancaster_mr7_france | tempest_mk2,yes,yes,tomfoolin,
uk_250lbs_mc_mk1_mk2_bomb_default,uk_250lbs_mc_mk1_mk2_bomb_default,Great Britain,102.0,100-249 kg,51.0,0.254,,1.41,,,uk_250lbs_mc_mk1_mk2_bomb_default.blkx,0,,no,yes,tomfoolin,
uk_4000lb_gp_mk1_mk2_bomb,uk_4000lb_gp_mk1_mk2_bomb,Great Britain,1627.6,1000+ kg,485.3,0.762,,2.794,,,uk_4000lb_gp_mk1_mk2_bomb.blkx,0,,no,yes,tomfoolin,
uk_4000lb_hc_mk1_bomb,uk_4000lb_hc_mk1_bomb,Great Britain,1782.6,1000+ kg,1782.6,0.762,,2.794,,,uk_4000lb_hc_mk1_bomb.blkx,0,,no,yes,tomfoolin,
uk_4000lb_hc_mk2_bomb,uk_4000lb_hc_mk2_bomb,Great Britain,1782.6,1000+ kg,1339.9,0.762,,2.794,,,uk_4000lb_hc_mk2_bomb.blkx,0,,no,yes,tomfoolin,
uk_4000lb_hc_mk3_bomb,uk_4000lb_hc_mk3_bomb,Great Britain,1782.6,1000+ kg,1339.9,0.762,,2.794,,,uk_4000lb_hc_mk3_bomb.blkx,0,,no,yes,tomfoolin,
uk_4000lb_hc_mk4_bomb,uk_4000lb_hc_mk4_bomb,Great Britain,1835.2,1000+ kg,1392.52,0.762,,2.794,,,uk_4000lb_hc_mk4_bomb.blkx,0,,no,yes,tomfoolin,
uk_4000lb_mc_mk1_mk2_bomb,uk_4000lb_mc_mk1_mk2_bomb,Great Britain,1782.6,1000+ kg,1339.9,0.762,,2.794,,,uk_4000lb_mc_mk1_mk2_bomb.blkx,0,,no,yes,tomfoolin,
uk_500lb_as_mk4,uk_500lb_as_mk4,Great Britain,226.8,100-249 kg,126.55,0.363,,1.842,,,uk_500lb_as_mk4.blkx,0,,no,yes,tomfoolin,
uk_500lb_he_mc_mk2,uk_500lb_he_mc_mk2,Great Britain,213.1,100-249 kg,107.5,0.325,,1.793,,,uk_500lb_he_mc_mk2.blkx,3,attaker_fb1 | attaker_fb2 | shackleton_mr_mk_2,yes,yes,tomfoolin,
uk_500lb_mc_mk1_mk4_long_tail_bomb,uk_500lb_mc_mk1_mk4_long_tail_bomb,Great Britain,231.7,100-249 kg,100.7,0.327,,1.793,,,uk_500lb_mc_mk1_mk4_long_tail_bomb.blkx,13,beaufighter_mk6c | firefly_mk1 | lancaster_mk1 | lancaster_mk3 | lancaster_mr7_france | spitfire_fr_mk14e | spitfire_fr_mk14e_belgium | spitfire_mk14e | tempest_mk2 | vampire_fb5 | vampire_fb52_finland | vampire_fb52a_italy | venom_fb4,yes,yes,tomfoolin,
uk_500lb_mc_mk1_mk4_long_tail_bomb_default,uk_500lb_mc_mk1_mk4_long_tail_bomb_default,Great Britain,231.7,100-249 kg,100.7,0.327,,1.793,,,uk_500lb_mc_mk1_mk4_long_tail_bomb_default.blkx,0,,no,yes,tomfoolin,
uk_500lb_sap_mkii_ap,uk_500lb_sap_mkii_ap,Great Britain,222.3,100-249 kg,40.01,0.292,,1.575,,,uk_500lb_sap_mkii_ap.blkx,25,beaufort_mkviii | blenheim_mkiv | mosquito_fb_mk6 | mosquito_fb_mk6_ash_norway | mosquito_fb_mk6_norway | mosquito_tr_mk33 | spitfire_ix | spitfire_ix_early | spitfire_ix_plagis | spitfire_ix_tutorial | spitfire_ix_usa | spitfire_mk9b | spitfire_mk9c | spitfire_mk9c_4cannons | sunderland_mk3a | sunderland_mk5 | tempest_mk2 | tempest_mkv | typhoon_mk1b | typhoon_mk1b_late | wellington_mk10 | wellington_mk1c | wellington_mk1c_late | wellington_mk3 | whirlwind_mk1,yes,yes,tomfoolin,
uk_500lbs,uk_500lbs,Great Britain,213.1,100-249 kg,65.5,0.327,,1.793,,,uk_500lbs.blkx,43,beaufort_mkviii | blenheim_mkiv | boston_mk_1 | corsair_fmk2 | firefly_mk1 | hurricane_mk4 | intruder_mk_1 | lancaster_mk1 | lancaster_mk3 | mosquito_fb_mk26_china | mosquito_fb_mk6 | mosquito_fb_mk6_ash_norway | mosquito_fb_mk6_norway | mosquito_tr_mk33 | seafire_fr47 | seafire_mk17 | seafire_mk3 | spitfire_f22_test | spitfire_fr_mk14e | spitfire_fr_mk14e_belgium | spitfire_ix_ussr | spitfire_mk14c | spitfire_mk14e | spitfire_mk18e | stirling_mk1 | stirling_mk3 | sunderland_mk3a | sunderland_mk5 | tempest_mk2 | tempest_mkv | typhoon_mk1a | typhoon_mk1b | typhoon_mk1b_late | vampire_fb5 | vampire_fb52_finland | vampire_fb52a_italy | venom_fb4 | wellington_mk10 | wellington_mk1c | wellington_mk1c_late | wellington_mk1c_luftwaffe | wellington_mk3 | whirlwind_mk1,yes,yes,tomfoolin,
uk_500lbs_43,uk_500lbs_43,Great Britain,213.1,100-249 kg,65.5,0.327,,1.793,,,uk_500lbs_43.blkx,5,hp52_hampden_mk1_late | lincoln_b1 | lincoln_b2 | meteor_fmk8_reaper | swift_f1,yes,yes,tomfoolin,
uk_500lbs_43_default,uk_500lbs_43_default,Great Britain,213.1,100-249 kg,65.5,0.327,,1.793,,,uk_500lbs_43_default.blkx,0,,no,yes,tomfoolin,
uk_500lbs_default,uk_500lbs_default,Great Britain,213.1,100-249 kg,65.5,0.327,,1.793,,,uk_500lbs_default.blkx,0,,no,yes,tomfoolin,
uk_520lb_herl_mk_1_n,uk_520lb_herl_mk_1_n,Great Britain,238.1,100-249 kg,156.5,0.495,,1.549,,,uk_520lb_herl_mk_1_n.blkx,1,hp_12,yes,yes,tomfoolin,
uk_540lb_mc_mk2_retarded,uk_540lb_mc_mk2_retarded,Great Britain,295.0,250-499 kg,97.0,0.325,,2.04,,,uk_540lb_mc_mk2_retarded.blkx,0,,no,yes,tomfoolin,
uk_540lbs,uk_540lbs,Great Britain,213.1,100-249 kg,94.0,0.327,,1.793,,,uk_540lbs.blkx,0,,no,yes,tomfoolin,
uk_8000lb_hc_mki_n33_bomb,uk_8000lb_hc_mki_n33_bomb,Great Britain,3787.04,1000+ kg,2653.5,0.965,,3.393,,,uk_8000lb_hc_mki_n33_bomb.blkx,4,lancaster_mk1 | lancaster_mk3 | lincoln_b1 | lincoln_b2,yes,yes,tomfoolin,
uk_8000lb_hc_mki_n52_bomb,uk_8000lb_hc_mki_n52_bomb,Great Britain,3787.04,1000+ kg,2653.5,0.965,,3.393,,,uk_8000lb_hc_mki_n52_bomb.blkx,2,lancaster_mk1 | lancaster_mk3,yes,yes,tomfoolin,
uk_depth_charge_hedgehog_mortar,uk_depth_charge_hedgehog_mortar,Great Britain,29.5,<100 kg,15.9,0.018,,1.0,,,uk_depth_charge_hedgehog_mortar.blkx,0,,no,yes,tomfoolin,
uk_mk2_cookie,uk_mk2_cookie,Great Britain,1782.61,1000+ kg,1339.0,0.762,,2.794,,,uk_mk2_cookie.blkx,8,lancaster_mk1 | lancaster_mk3 | lincoln_b1 | lincoln_b2 | wellington_mk10 | wellington_mk1c | wellington_mk1c_late | wellington_mk3,yes,yes,tomfoolin,
uk_paveway_iv,uk_paveway_iv,Great Britain,277.14,250-499 kg,87.1,0.2794,,3.3274,,,uk_paveway_iv.blkx,0,,no,yes,tomfoolin,
uk_pgm_2000,uk_pgm_2000,Great Britain,1060.0,1000+ kg,428.6,0.457,,4.623,,,uk_pgm_2000.blkx,0,,no,yes,tomfoolin,
uk_pgm_2000_iir,uk_pgm_2000_iir,Great Britain,1060.0,1000+ kg,428.6,0.457,,4.623,,,uk_pgm_2000_iir.blkx,0,,no,yes,tomfoolin,
uk_pgm_500,uk_pgm_500,Great Britain,404.0,250-499 kg,87.1,0.36,,3.38,,,uk_pgm_500.blkx,0,,no,yes,tomfoolin,
uk_pgm_500_iir,uk_pgm_500_iir,Great Britain,404.0,250-499 kg,87.1,0.36,,3.38,,,uk_pgm_500_iir.blkx,0,,no,yes,tomfoolin,
us_1000_lb_mk_79_mod_0,us_1000_lb_mk_79_mod_0,USA,406.0,250-499 kg,322.1,0.498,,4.275,,,us_1000_lb_mk_79_mod_0.blkx,0,,no,yes,tomfoolin,
us_1000lb_anm65_cone,us_1000lb_anm65_cone,USA,500.76,500-999 kg,269.9,0.477,,2.313,,,us_1000lb_anm65_cone.blkx,15,b_57 | f_86_canadair_german | f_86_cl_13_mk4_italy | f_86_cl_13b_mk6 | f_86a_5 | f_86f_2 | f_86f_25 | f_86f_30_china | f_86f_30_japan | f_86f_35 | f_86f_40_china | f_86f_40_japan | f_86f_40_japan_blue_impulse | md_452_mystere_2c_preproduction | so_8000_narval,yes,yes,tomfoolin,
us_1000lb_anm65a1,us_1000lb_anm65a1,USA,500.76,500-999 kg,269.9,0.477,,1.765,,,us_1000lb_anm65a1.blkx,45,a_26c | a_26c_45_dt | a_35b | b_10b | b_17e | b_17e_japan | b_17e_late | b_17g | b_17g_china_rocaf | b_18a | b_18a_skeleton_turrets | b_18a_test | b_24d | b_24m_china_plaaf | b_25j_1 | b_25j_20 | b_25j_30 | b_25j_30_china | b_25j_30_france | b_26b_c | b_26c_france | b_29 | f2g_1 | f3d_1 | f4u_1a | f4u_1d | f7f1 | f_80a | p_47d_16_re | p_47d_22_re_france | p_47d_23_ra_china_rocaf | p_47d_23_re | p_61a_1 | pb4y_2 | pb4y_2_china | pb4y_2_france | pbj_1h | pbj_1j | pbj_1j_1 | pbm_1 | pbm_3 | pv_2 | sb2c_1c | sb_25j_netherlands | tempest_mk2,yes,yes,tomfoolin,
us_1000lb_anm65a1_default,us_1000lb_anm65a1_default,USA,500.76,500-999 kg,269.9,0.477,,1.765,,,us_1000lb_anm65a1_default.blkx,0,,no,yes,tomfoolin,
us_1000lb_anm65a1_rod,us_1000lb_anm65a1_rod,USA,439.6,250-499 kg,269.9,0.477,,1.765,,,us_1000lb_anm65a1_rod.blkx,0,,no,yes,tomfoolin,
us_1000lb_anm_44,us_1000lb_anm_44,USA,438.17,250-499 kg,244.03,0.457,,1.752,,,us_1000lb_anm_44.blkx,0,,no,yes,tomfoolin,
us_1000lb_anmk33_box_ap,us_1000lb_anmk33_box_ap,USA,457.22,250-499 kg,63.5,0.3048,,1.8542,,,us_1000lb_anmk33_box_ap.blkx,5,a_26c | a_26c_45_dt | b_17g | b_17g_china_rocaf | sb2c_1c,yes,yes,tomfoolin,
us_1000lb_anmk33_box_ap_45,us_1000lb_anmk33_box_ap_45,USA,457.22,250-499 kg,63.5,0.3048,,1.8542,,,us_1000lb_anmk33_box_ap_45.blkx,0,,no,yes,tomfoolin,
us_1000lb_gbu32_navy,us_1000lb_gbu32_navy,USA,446.8,250-499 kg,201.8,0.356,,3.008,,,us_1000lb_gbu32_navy.blkx,0,,no,yes,tomfoolin,
us_1000lb_gbu32_usaf,us_1000lb_gbu32_usaf,USA,446.8,250-499 kg,201.8,0.356,,3.008,,,us_1000lb_gbu32_usaf.blkx,0,,no,yes,tomfoolin,
us_1000lb_gp_mk9,us_1000lb_gp_mk9,USA,450.9,250-499 kg,335.65,0.483,,2.39,,,us_1000lb_gp_mk9.blkx,0,,no,yes,tomfoolin,
us_1000lb_mk_83_ldgp,us_1000lb_mk_83_ldgp,USA,446.8,250-499 kg,201.8,0.356,,3.008,,,us_1000lb_mk_83_ldgp.blkx,0,,no,yes,tomfoolin,
us_1000lb_mk_83_ldgp_air,us_1000lb_mk_83_ldgp_air,USA,446.8,250-499 kg,201.8,0.356,,3.008,,,us_1000lb_mk_83_ldgp_air.blkx,0,,no,yes,tomfoolin,
us_1000lb_mk_83_ldgp_default,us_1000lb_mk_83_ldgp_default,USA,446.8,250-499 kg,201.8,0.356,,3.008,,,us_1000lb_mk_83_ldgp_default.blkx,0,,no,yes,tomfoolin,
us_1000lbs,us_1000lbs,USA,453.6,250-499 kg,240.4,0.477,,1.765,,,us_1000lbs.blkx,0,,no,yes,tomfoolin,
us_100lb_anm30,us_100lb_anm30,USA,49.9,<100 kg,24.5,0.207,,0.976,,,us_100lb_anm30.blkx,48,a_26c | a_26c_45_dt | b_18a | b_18a_skeleton_turrets | b_18a_test | b_24d | b_24m_china_plaaf | b_25j_1 | b_25j_20 | b_25j_30 | b_25j_30_china | b_25j_30_france | b_26b_c | b_26c_france | f2a_3 | f3f_2 | f3f_2_galer | f4f_3 | f4f_4 | hawk_iii | hudson_mk_v | hudson_mk_v_gear_test | os2u_1 | os2u_3 | p_26a_33 | p_26a_34 | p_26a_34_m2 | p_26a_35 | p_26b_35 | p_40e | p_40e_china | p_40e_td | p_40f_10 | p_40f_5_france_ep | p_51_a_36 | p_51a_tl | p_51b_7_sweden | p_51c_10_nt | pb4y_2 | pb4y_2_china | pb4y_2_france | pbj_1h | pbj_1j | pbj_1j_1 | pbm_1 | pbm_3 | sb_25j_netherlands | tbd_1_1937,yes,yes,tomfoolin,
us_100lbs,us_100lbs,USA,45.8,<100 kg,24.5,0.207,,0.976,,,us_100lbs.blkx,0,,no,yes,tomfoolin,
us_1400lb_m63_ap,us_1400lb_m63_ap,USA,640.5,500-999 kg,15.87,0.363,,1.755,,,us_1400lb_m63_ap.blkx,0,,no,yes,tomfoolin,
us_1600lb_ap_an_mk1,us_1600lb_ap_an_mk1,USA,721.2,500-999 kg,97.5,0.356,,2.121,,,us_1600lb_ap_an_mk1.blkx,12,b_17g | b_17g_china_rocaf | b_24d | b_24m_china_plaaf | b_26b_c | b_26c_france | p_61a_1 | pbj_1h | pbj_1j | pbm_1 | pbm_3 | sb2c_1c,yes,yes,tomfoolin,
us_1600lb_ap_an_mk1_45,us_1600lb_ap_an_mk1_45,USA,721.2,500-999 kg,97.5,0.356,,2.121,,,us_1600lb_ap_an_mk1_45.blkx,0,,no,yes,tomfoolin,
us_2000lb_egbu_24_paveway_3,us_2000lb_egbu_24_paveway_3,USA,1079.55,1000+ kg,428.6,0.4572,,4.318,,,us_2000lb_egbu_24_paveway_3.blkx,0,,no,yes,tomfoolin,
us_2000lb_gbu31_usaf,us_2000lb_gbu31_usaf,USA,893.6,500-999 kg,428.6,0.457,,3.848,,,us_2000lb_gbu31_usaf.blkx,0,,no,yes,tomfoolin,
us_2000lb_gbu31_usnavy,us_2000lb_gbu31_usnavy,USA,893.6,500-999 kg,428.6,0.457,,3.848,,,us_2000lb_gbu31_usnavy.blkx,0,,no,yes,tomfoolin,
us_2000lb_gbu_15v1,us_2000lb_gbu_15v1,USA,1140.8,1000+ kg,428.6,0.457,,3.962,,,us_2000lb_gbu_15v1.blkx,0,,no,yes,tomfoolin,
us_2000lb_gbu_15v2,us_2000lb_gbu_15v2,USA,1140.8,1000+ kg,428.6,0.457,,3.962,,,us_2000lb_gbu_15v2.blkx,0,,no,yes,tomfoolin,
us_2000lb_gbu_15v21,us_2000lb_gbu_15v21,USA,1140.8,1000+ kg,428.6,0.457,,3.962,,,us_2000lb_gbu_15v21.blkx,0,,no,yes,tomfoolin,
us_2000lb_gbu_15v22,us_2000lb_gbu_15v22,USA,1140.8,1000+ kg,428.6,0.457,,3.962,,,us_2000lb_gbu_15v22.blkx,0,,no,yes,tomfoolin,
us_2000lb_gbu_24,us_2000lb_gbu_24,USA,1079.55,1000+ kg,428.6,0.4572,,4.318,,,us_2000lb_gbu_24.blkx,0,,no,yes,tomfoolin,
us_2000lb_gbu_27,us_2000lb_gbu_27,USA,991.0,500-999 kg,242.7,0.368,,4.2418,,,us_2000lb_gbu_27.blkx,0,,no,yes,tomfoolin,
us_2000lb_gbu_64_jdam_er,us_2000lb_gbu_64_jdam_er,USA,987.0,500-999 kg,428.6,0.457,,3.848,,,us_2000lb_gbu_64_jdam_er.blkx,0,,no,yes,tomfoolin,
us_2000lb_gbu_8_hobos,us_2000lb_gbu_8_hobos,USA,1027.0,1000+ kg,428.6,0.457,,3.63,,,us_2000lb_gbu_8_hobos.blkx,0,,no,yes,tomfoolin,
us_2000lb_mk_84_ldgp,us_2000lb_mk_84_ldgp,USA,893.6,500-999 kg,428.6,0.457,,3.848,,,us_2000lb_mk_84_ldgp.blkx,0,,no,yes,tomfoolin,
us_2000lb_mk_84_ldgp_air,us_2000lb_mk_84_ldgp_air,USA,893.6,500-999 kg,428.6,0.457,,3.848,,,us_2000lb_mk_84_ldgp_air.blkx,0,,no,yes,tomfoolin,
us_2000lb_mk_84_ldgp_cone_90,us_2000lb_mk_84_ldgp_cone_90,USA,893.6,500-999 kg,428.6,0.457,,3.848,,,us_2000lb_mk_84_ldgp_cone_90.blkx,0,,no,yes,tomfoolin,
us_2000lbs,us_2000lbs,USA,907.2,500-999 kg,535.6,0.591,,2.357,,,us_2000lbs.blkx,0,,no,yes,tomfoolin,
us_2000lbs_anm34,us_2000lbs_anm34,USA,901.3,500-999 kg,488.5,0.592,,2.358,,,us_2000lbs_anm34.blkx,0,,no,yes,tomfoolin,
us_2000lbs_anm66,us_2000lbs_anm66,USA,996.3,500-999 kg,535.6,0.591,,2.357,,,us_2000lbs_anm66.blkx,21,a_26c | a_26c_45_dt | b_10b | b_17e | b_17e_late | b_17g | b_17g_china_rocaf | b_18a | b_18a_skeleton_turrets | b_18a_test | b_24d | b_24m_china_plaaf | b_26b_c | b_26c_france | b_29 | f3d_1 | pb4y_2 | pb4y_2_china | pb4y_2_france | pbj_1h | pbj_1j,yes,yes,tomfoolin,
us_2000lbs_anm66_cone,us_2000lbs_anm66_cone,USA,996.3,500-999 kg,535.6,0.591,,2.357,,,us_2000lbs_anm66_cone.blkx,0,,no,yes,tomfoolin,
us_2000lbs_m_34,us_2000lbs_m_34,USA,907.2,500-999 kg,535.6,0.591,,2.357,,,us_2000lbs_m_34.blkx,0,,no,yes,tomfoolin,
us_250_lb_blu_10b,us_250_lb_blu_10b,USA,113.4,100-249 kg,95.7,0.318,,2.235,,,us_250_lb_blu_10b.blkx,0,,no,yes,tomfoolin,
us_250lb_anm57,us_250lb_anm57,USA,117.9,100-249 kg,58.5,0.274,,1.214,,,us_250lb_anm57.blkx,45,a_20g | a_26c | a_26c_45_dt | a_35b | b_10b | b_17e | b_17e_late | b_17g | b_17g_china_rocaf | b_18a | b_18a_skeleton_turrets | b_18a_test | b_25j_1 | b_25j_20 | b_25j_30 | b_25j_30_china | b_25j_30_france | b_34 | f2g_1 | hudson_mk_v | hudson_mk_v_gear_test | p_51_a_36 | p_51a_tl | p_51b_7_sweden | p_51c_10_nt | pbj_1h | pbj_1j | pbj_1j_1 | pbm_1 | pv_2 | sb2c_1c | sb_25j_netherlands | spitfire_ix | spitfire_ix_early | spitfire_ix_plagis | spitfire_ix_tutorial | spitfire_ix_usa | spitfire_lf_mk9e_iaf | spitfire_lf_mk9e_weisman | spitfire_mk9b | spitfire_mk9c | spitfire_mk9c_4cannons | spitfire_mk9c_iaf | v_11g | v_12d,yes,yes,tomfoolin,
us_250lb_anm57_default,us_250lb_anm57_default,USA,117.9,100-249 kg,58.5,0.274,,1.214,,,us_250lb_anm57_default.blkx,0,,no,yes,tomfoolin,
us_250lb_mk_81_ldgp,us_250lb_mk_81_ldgp,USA,117.9,100-249 kg,45.4,0.229,,1.882,,,us_250lb_mk_81_ldgp.blkx,0,,no,yes,tomfoolin,
us_250lb_mk_81_ldgp_snakeye,us_250lb_mk_81_ldgp_snakeye,USA,138.3,100-249 kg,45.4,0.229,,1.93,,,us_250lb_mk_81_ldgp_snakeye.blkx,0,,no,yes,tomfoolin,
us_3000lb_m118,us_3000lb_m118,USA,1369.8,1000+ kg,898.8,0.613,,3.302,,,us_3000lb_m118.blkx,0,,no,yes,tomfoolin,
us_3000lb_m118_90,us_3000lb_m118_90,USA,1369.8,1000+ kg,898.8,0.613,,3.302,,,us_3000lb_m118_90.blkx,0,,no,yes,tomfoolin,
us_300lb_m_31,us_300lb_m_31,USA,124.2,100-249 kg,62.14,0.277,,1.295,,,us_300lb_m_31.blkx,3,b_26b_c | b_26c_france | p_51a_tl,yes,yes,tomfoolin,
us_4000lb_anm56_box,us_4000lb_anm56_box,USA,1981.3,1000+ kg,1599.4,0.864,,2.979,,,us_4000lb_anm56_box.blkx,3,b_17g | b_17g_china_rocaf | b_29,yes,yes,tomfoolin,
us_500_lb_blu_23b,us_500_lb_blu_23b,USA,222.26,100-249 kg,195.0,0.4,,3.277,,,us_500_lb_blu_23b.blkx,0,,no,yes,tomfoolin,
us_500lb_anm64a1,us_500lb_anm64a1,USA,242.6,100-249 kg,124.28,0.36,,1.503,,,us_500lb_anm64a1.blkx,84,a_20g | a_26c | a_26c_45_dt | a_35b | b_10b | b_17e | b_17e_japan | b_17e_late | b_17g | b_17g_china_rocaf | b_18a | b_18a_skeleton_turrets | b_18a_test | b_24d | b_24d_luftwaffe | b_24m_china_plaaf | b_25j_1 | b_25j_20 | b_25j_30 | b_25j_30_china | b_25j_30_france | b_29 | b_34 | b_57 | db_7 | f2g_1 | f3d_1 | f4f_3 | f4u_1a | f7f1 | h_81a_2 | hawk_iii | md_452_mystere_2c_preproduction | p_38j | p_38j_marge | p_38l | p_38l_1_china_rocaf | p_39n | p_39q_25_france | p_39q_5 | p_400 | p_40c | p_40c_china | p_40e | p_40e_china | p_40e_td | p_40f_10 | p_40f_5_france_ep | p_47d_16_re | p_47d_22_re_france | p_47d_23_ra_china_rocaf | p_47d_23_re | p_51_a_36 | p_51a_tl | p_51b_7_sweden | p_51c_10_nt | p_61a_1 | p_63a_10 | p_63a_5 | p_63c_5 | p_63c_5_france | p_63c_5_kingcobra_animal_version | pb4y_2 | pb4y_2_china | pb4y_2_france | pbj_1h | pbj_1j | pbj_1j_1 | pbm_1 | pbm_3 | pv_2 | sb2c_1c | sb_25j_netherlands | spitfire_ix | spitfire_ix_early | spitfire_ix_plagis | spitfire_ix_tutorial | spitfire_ix_usa | spitfire_mk9b | spitfire_mk9c | spitfire_mk9c_4cannons | tbd_1_1937 | v_11g | v_12d,yes,yes,tomfoolin,
us_500lb_anm64a1_rod,us_500lb_anm64a1_rod,USA,247.5,100-249 kg,119.7,0.36,,1.503,,,us_500lb_anm64a1_rod.blkx,0,,no,yes,tomfoolin,
us_500lb_gbu38_usaf,us_500lb_gbu38_usaf,USA,253.1,250-499 kg,87.1,0.273,,2.377948,,,us_500lb_gbu38_usaf.blkx,0,,no,yes,tomfoolin,
us_500lb_gbu38_usnavy,us_500lb_gbu38_usnavy,USA,253.1,250-499 kg,87.1,0.273,,2.377948,,,us_500lb_gbu38_usnavy.blkx,0,,no,yes,tomfoolin,
us_500lb_gbu_54b,us_500lb_gbu_54b,USA,260.816,250-499 kg,87.1,0.273,,2.377948,,,us_500lb_gbu_54b.blkx,0,,no,yes,tomfoolin,
us_500lb_gbu_54b_navy,us_500lb_gbu_54b_navy,USA,260.816,250-499 kg,87.1,0.273,,2.377948,,,us_500lb_gbu_54b_navy.blkx,0,,no,yes,tomfoolin,
us_500lb_gbu_62_jdam_er,us_500lb_gbu_62_jdam_er,USA,289.72,250-499 kg,87.1,0.273,,2.377948,,,us_500lb_gbu_62_jdam_er.blkx,0,,no,yes,tomfoolin,
us_500lb_gbu_62_ljdam_er,us_500lb_gbu_62_ljdam_er,USA,289.72,250-499 kg,87.1,0.273,,2.377948,,,us_500lb_gbu_62_ljdam_er.blkx,0,,no,yes,tomfoolin,
us_500lb_mk77_mod2,us_500lb_mk77_mod2,USA,235.9,100-249 kg,207.3,0.47,,2.35,,,us_500lb_mk77_mod2.blkx,0,,no,yes,tomfoolin,
us_500lb_mk77_mod4,us_500lb_mk77_mod4,USA,235.9,100-249 kg,207.3,0.47,,2.35,,,us_500lb_mk77_mod4.blkx,0,,no,yes,tomfoolin,
us_500lb_mk_82_ldgp,us_500lb_mk_82_ldgp,USA,240.9,100-249 kg,87.1,0.273,,2.207,,,us_500lb_mk_82_ldgp.blkx,0,,no,yes,tomfoolin,
us_500lb_mk_82_ldgp_air,us_500lb_mk_82_ldgp_air,USA,240.9,100-249 kg,87.1,0.273,,2.207,,,us_500lb_mk_82_ldgp_air.blkx,0,,no,yes,tomfoolin,
us_500lb_mk_82_ldgp_default,us_500lb_mk_82_ldgp_default,USA,240.9,100-249 kg,87.1,0.273,,2.207,,,us_500lb_mk_82_ldgp_default.blkx,0,,no,yes,tomfoolin,
us_500lb_mk_82_ldgp_snakeye,us_500lb_mk_82_ldgp_snakeye,USA,254.0,250-499 kg,87.1,0.273,,2.273,,,us_500lb_mk_82_ldgp_snakeye.blkx,0,,no,yes,tomfoolin,
us_500lb_mk_82_ldgp_snakeye_default,us_500lb_mk_82_ldgp_snakeye_default,USA,254.0,250-499 kg,87.1,0.273,,2.273,,,us_500lb_mk_82_ldgp_snakeye_default.blkx,0,,no,yes,tomfoolin,
us_500lbs,us_500lbs,USA,223.0,100-249 kg,118.8,0.36,,1.502,,,us_500lbs.blkx,0,,no,yes,tomfoolin,
us_600lb_m62_ap,us_600lb_m62_ap,USA,287.6,250-499 kg,15.24,0.25654,,1.57734,,,us_600lb_m62_ap.blkx,0,,no,yes,tomfoolin,
us_600lb_m_32,us_600lb_m_32,USA,281.7,250-499 kg,152.4,0.386,,1.572,,,us_600lb_m_32.blkx,4,b_17g | b_17g_china_rocaf | b_26b_c | b_26c_france,yes,yes,tomfoolin,
us_750_lb_m116a2,us_750_lb_m116a2,USA,310.7,250-499 kg,278.96,0.473,,3.48,,,us_750_lb_m116a2.blkx,0,,no,yes,tomfoolin,
us_750lb_m117_air,us_750lb_m117_air,USA,362.42,250-499 kg,175.1,0.408,,2.134,,,us_750lb_m117_air.blkx,0,,no,yes,tomfoolin,
us_750lb_m117_cone_45,us_750lb_m117_cone_45,USA,362.42,250-499 kg,175.1,0.408,,2.134,,,us_750lb_m117_cone_45.blkx,10,f_86_canadair_german | f_86_cl_13_mk4_italy | f_86f_2 | f_86f_25 | f_86f_30_china | f_86f_30_japan | f_86f_35 | f_86f_40_china | f_86f_40_japan | f_86f_40_japan_blue_impulse,yes,yes,tomfoolin,
us_750lb_m117_cone_45_japan,us_750lb_m117_cone_45_japan,USA,362.42,250-499 kg,175.1,0.408,,2.134,,,us_750lb_m117_cone_45_japan.blkx,0,,no,yes,tomfoolin,
us_750lb_m117_cone_90,us_750lb_m117_cone_90,USA,362.42,250-499 kg,175.1,0.408,,2.134,,,us_750lb_m117_cone_90.blkx,0,,no,yes,tomfoolin,
us_750lb_mk77_mod0,us_750lb_mk77_mod0,USA,344.7,250-499 kg,303.0,0.473,,3.505,,,us_750lb_mk77_mod0.blkx,0,,no,yes,tomfoolin,
us_750lb_mk_78_mod_2,us_750lb_mk_78_mod_2,USA,416.4,250-499 kg,344.7,0.671,,2.264,,,us_750lb_mk_78_mod_2.blkx,1,p_63c_5_france,yes,yes,tomfoolin,
us_b28,us_b28,USA,1053.0,1000+ kg,,0.58,,4.32,,,us_b28.blkx,0,,no,yes,tomfoolin,
us_b28_ang45,us_b28_ang45,USA,1053.0,1000+ kg,,0.58,,4.32,,,us_b28_ang45.blkx,0,,no,yes,tomfoolin,
us_b61,us_b61,USA,996.3,500-999 kg,0.01,0.591,,2.357,,,us_b61.blkx,0,,no,yes,tomfoolin,
us_b61_30kt,us_b61_30kt,USA,350.0,250-499 kg,,0.34,,3.6,,,us_b61_30kt.blkx,0,,no,yes,tomfoolin,
us_b61_5kt,us_b61_5kt,USA,350.0,250-499 kg,,0.34,,3.6,,,us_b61_5kt.blkx,0,,no,yes,tomfoolin,
us_b83,us_b83,USA,1118.0,1000+ kg,,0.46,,3.7,,,us_b83.blkx,0,,no,yes,tomfoolin,
us_blu27b,us_blu27b,USA,401.4,250-499 kg,358.3,0.47,,3.757,,,us_blu27b.blkx,0,,no,yes,tomfoolin,
us_blu_1,us_blu_1,USA,401.4,250-499 kg,358.3,0.47,,3.757,,,us_blu_1.blkx,0,,no,yes,tomfoolin,
us_gbu_10_paveway_2,us_gbu_10_paveway_2,USA,943.926,500-999 kg,428.6,0.4572,,4.318,,,us_gbu_10_paveway_2.blkx,0,,no,yes,tomfoolin,
us_gbu_12_paveway_2,us_gbu_12_paveway_2,USA,277.14,250-499 kg,87.1,0.2794,,3.3274,,,us_gbu_12_paveway_2.blkx,0,,no,yes,tomfoolin,
us_gbu_16_paveway_2,us_gbu_16_paveway_2,USA,495.3,250-499 kg,201.8,0.3556,,3.683,,,us_gbu_16_paveway_2.blkx,0,,no,yes,tomfoolin,
us_gbu_22_paveway_3,us_gbu_22_paveway_3,USA,299.371,250-499 kg,87.1,0.2794,,3.3528,,,us_gbu_22_paveway_3.blkx,0,,no,yes,tomfoolin,
us_gbu_39,us_gbu_39,USA,121.563,100-249 kg,16.3293,0.1905,,1.798,,,us_gbu_39.blkx,0,,no,yes,tomfoolin,
us_gbu_48_paveway_2,us_gbu_48_paveway_2,USA,495.3,250-499 kg,201.8,0.3556,,3.683,,,us_gbu_48_paveway_2.blkx,0,,no,yes,tomfoolin,
us_gbu_49_paveway_2,us_gbu_49_paveway_2,USA,277.14,250-499 kg,87.1,0.2794,,3.3274,,,us_gbu_49_paveway_2.blkx,0,,no,yes,tomfoolin,
us_gbu_50_paveway_2,us_gbu_50_paveway_2,USA,943.926,500-999 kg,428.6,0.4572,,4.318,,,us_gbu_50_paveway_2.blkx,0,,no,yes,tomfoolin,
us_mk6,us_mk6,USA,996.3,500-999 kg,0.01,0.591,,2.357,,,us_mk6.blkx,0,,no,yes,tomfoolin,
us_mk7,us_mk7,USA,996.3,500-999 kg,0.01,0.591,,2.357,,,us_mk7.blkx,0,,no,yes,tomfoolin,
us_special_weapon,us_special_weapon,USA,24.95,<100 kg,1.1,0.25,,0.5,,,us_special_weapon.blkx,0,,no,yes,tomfoolin,
